file_name,label
idx0001.png,-1
idx0002.png,-1
idx0003.png,-1
idx0004.png,-1
idx0005.png,-1
idx0006.png,-1
idx0007.png,-1
idx0008.png,-1
idx0009.png,-1
idx0010.png,-1
idx0011.png,-1
idx0012.png,-1
idx0013.png,-1
idx0014.png,-1
idx0015.png,-1
idx0016.png,-1
idx0017.png,-1
idx0018.png,-1
idx0019.png,-1
idx0020.png,-1
idx0021.png,-1
idx0022.png,-1
idx0023.png,-1
idx0024.png,-1
idx0025.png,-1
idx0026.png,-1
idx0027.png,-1
idx0028.png,-1
idx0029.png,-1
idx0030.png,-1
idx0031.png,-1
idx0032.png,-1
idx0033.png,-1
idx0034.png,-1
idx0035.png,-1
idx0036.png,-1
idx0037.png,-1
idx0038.png,-1
idx0039.png,-1
idx0040.png,-1
idx0041.png,-1
idx0042.png,-1
idx0043.png,-1
idx0044.png,-1
idx0045.png,-1
idx0046.png,-1
idx0047.png,-1
idx0048.png,-1
idx0049.png,-1
idx0050.png,-1
idx0051.png,-1
idx0052.png,-1
idx0053.png,-1
idx0054.png,-1
idx0055.png,-1
idx0056.png,-1
idx0057.png,-1
idx0058.png,-1
idx0059.png,-1
idx0060.png,-1
idx0061.png,-1
idx0062.png,-1
idx0063.png,-1
idx0064.png,-1
idx0065.png,-1
idx0066.png,-1
idx0067.png,-1
idx0068.png,-1
idx0069.png,-1
idx0070.png,-1
idx0071.png,-1
idx0072.png,-1
idx0073.png,-1
idx0074.png,-1
idx0075.png,-1
idx0076.png,-1
idx0077.png,-1
idx0078.png,-1
idx0079.png,-1
idx0080.png,-1
idx0081.png,-1
idx0082.png,-1
idx0083.png,-1
idx0084.png,-1
idx0085.png,-1
idx0086.png,-1
idx0087.png,-1
idx0088.png,-1
idx0089.png,-1
idx0090.png,-1
idx0091.png,-1
idx0092.png,-1
idx0093.png,-1
idx0094.png,-1
idx0095.png,-1
idx0096.png,-1
idx0097.png,-1
idx0098.png,-1
idx0099.png,-1
idx0100.png,-1
idx0101.png,-1
idx0102.png,-1
idx0103.png,-1
idx0104.png,-1
idx0105.png,-1
idx0106.png,-1
idx0107.png,-1
idx0108.png,-1
idx0109.png,-1
idx0110.png,-1
idx0111.png,-1
idx0112.png,-1
idx0113.png,-1
idx0114.png,-1
idx0115.png,-1
idx0116.png,-1
idx0117.png,-1
idx0118.png,-1
idx0119.png,-1
idx0120.png,-1
idx0121.png,-1
idx0122.png,-1
idx0123.png,-1
idx0124.png,-1
idx0125.png,-1
idx0126.png,-1
idx0127.png,-1
idx0128.png,-1
idx0129.png,-1
idx0130.png,-1
idx0131.png,-1
idx0132.png,-1
idx0133.png,-1
idx0134.png,-1
idx0135.png,-1
idx0136.png,-1
idx0137.png,-1
idx0138.png,-1
idx0139.png,-1
idx0140.png,-1
idx0141.png,-1
idx0142.png,-1
idx0143.png,-1
idx0144.png,-1
idx0145.png,-1
idx0146.png,-1
idx0147.png,-1
idx0148.png,-1
idx0149.png,-1
idx0150.png,-1
idx0151.png,-1
idx0152.png,-1
idx0153.png,-1
idx0154.png,-1
idx0155.png,-1
idx0156.png,-1
idx0157.png,-1
idx0158.png,-1
idx0159.png,-1
idx0160.png,-1
idx0161.png,-1
idx0162.png,-1
idx0163.png,-1
idx0164.png,-1
idx0165.png,-1
idx0166.png,-1
idx0167.png,-1
idx0168.png,-1
idx0169.png,-1
idx0170.png,-1
idx0171.png,-1
idx0172.png,-1
idx0173.png,-1
idx0174.png,-1
idx0175.png,-1
idx0176.png,-1
idx0177.png,-1
idx0178.png,-1
idx0179.png,-1
idx0180.png,-1
idx0181.png,-1
idx0182.png,-1
idx0183.png,-1
idx0184.png,-1
idx0185.png,-1
idx0186.png,-1
idx0187.png,-1
idx0188.png,-1
idx0189.png,-1
idx0190.png,-1
idx0191.png,-1
idx0192.png,-1
idx0193.png,-1
idx0194.png,-1
idx0195.png,-1
idx0196.png,-1
idx0197.png,-1
idx0198.png,-1
idx0199.png,-1
idx0200.png,-1
idx0201.png,-1
idx0202.png,-1
idx0203.png,-1
idx0204.png,-1
idx0205.png,-1
idx0206.png,-1
idx0207.png,-1
idx0208.png,-1
idx0209.png,-1
idx0210.png,-1
idx0211.png,-1
idx0212.png,-1
idx0213.png,-1
idx0214.png,-1
idx0215.png,-1
idx0216.png,-1
idx0217.png,-1
idx0218.png,-1
idx0219.png,-1
idx0220.png,-1
idx0221.png,-1
idx0222.png,-1
idx0223.png,-1
idx0224.png,-1
idx0225.png,-1
idx0226.png,-1
idx0227.png,-1
idx0228.png,-1
idx0229.png,-1
idx0230.png,-1
idx0231.png,-1
idx0232.png,-1
idx0233.png,-1
idx0234.png,-1
idx0235.png,-1
idx0236.png,-1
idx0237.png,-1
idx0238.png,-1
idx0239.png,-1
idx0240.png,-1
idx0241.png,-1
idx0242.png,-1
idx0243.png,-1
idx0244.png,-1
idx0245.png,-1
idx0246.png,-1
idx0247.png,-1
idx0248.png,-1
idx0249.png,-1
idx0250.png,-1
idx0251.png,-1
idx0252.png,-1
idx0253.png,-1
idx0254.png,-1
idx0255.png,-1
idx0256.png,-1
idx0257.png,-1
idx0258.png,-1
idx0259.png,-1
idx0260.png,-1
idx0261.png,-1
idx0262.png,-1
idx0263.png,-1
idx0264.png,-1
idx0265.png,-1
idx0266.png,-1
idx0267.png,-1
idx0268.png,-1
idx0269.png,-1
idx0270.png,-1
idx0271.png,-1
idx0272.png,-1
idx0273.png,-1
idx0274.png,-1
idx0275.png,-1
idx0276.png,-1
idx0277.png,-1
idx0278.png,-1
idx0279.png,-1
idx0280.png,-1
idx0281.png,-1
idx0282.png,-1
idx0283.png,-1
idx0284.png,-1
idx0285.png,-1
idx0286.png,-1
idx0287.png,-1
idx0288.png,-1
idx0289.png,-1
idx0290.png,-1
idx0291.png,-1
idx0292.png,-1
idx0293.png,-1
idx0294.png,-1
idx0295.png,-1
idx0296.png,-1
idx0297.png,-1
idx0298.png,-1
idx0299.png,-1
idx0300.png,-1
idx0301.png,-1
idx0302.png,-1
idx0303.png,-1
idx0304.png,-1
idx0305.png,-1
idx0306.png,-1
idx0307.png,-1
idx0308.png,-1
idx0309.png,-1
idx0310.png,-1
idx0311.png,-1
idx0312.png,-1
idx0313.png,-1
idx0314.png,-1
idx0315.png,-1
idx0316.png,-1
idx0317.png,-1
idx0318.png,-1
idx0319.png,-1
idx0320.png,-1
idx0321.png,-1
idx0322.png,-1
idx0323.png,-1
idx0324.png,-1
idx0325.png,-1
idx0326.png,-1
idx0327.png,-1
idx0328.png,-1
idx0329.png,-1
idx0330.png,-1
idx0331.png,-1
idx0332.png,-1
idx0333.png,-1
idx0334.png,-1
idx0335.png,-1
idx0336.png,-1
idx0337.png,-1
idx0338.png,-1
idx0339.png,-1
idx0340.png,-1
idx0341.png,-1
idx0342.png,-1
idx0343.png,-1
idx0344.png,-1
idx0345.png,-1
idx0346.png,-1
idx0347.png,-1
idx0348.png,-1
idx0349.png,-1
idx0350.png,-1
idx0351.png,-1
idx0352.png,-1
idx0353.png,-1
idx0354.png,-1
idx0355.png,-1
idx0356.png,-1
idx0357.png,-1
idx0358.png,-1
idx0359.png,-1
idx0360.png,-1
idx0361.png,-1
idx0362.png,-1
idx0363.png,-1
idx0364.png,-1
idx0365.png,-1
idx0366.png,-1
idx0367.png,-1
idx0368.png,-1
idx0369.png,-1
idx0370.png,-1
idx0371.png,-1
idx0372.png,-1
idx0373.png,-1
idx0374.png,-1
idx0375.png,-1
idx0376.png,-1
idx0377.png,-1
idx0378.png,-1
idx0379.png,-1
idx0380.png,-1
idx0381.png,-1
idx0382.png,-1
idx0383.png,-1
idx0384.png,-1
idx0385.png,-1
idx0386.png,-1
idx0387.png,-1
idx0388.png,-1
idx0389.png,-1
idx0390.png,-1
idx0391.png,-1
idx0392.png,-1
idx0393.png,-1
idx0394.png,-1
idx0395.png,-1
idx0396.png,-1
idx0397.png,-1
idx0398.png,-1
idx0399.png,-1
idx0400.png,-1
idx0401.png,-1
idx0402.png,-1
idx0403.png,-1
idx0404.png,-1
idx0405.png,-1
idx0406.png,-1
idx0407.png,-1
idx0408.png,-1
idx0409.png,-1
idx0410.png,-1
idx0411.png,-1
idx0412.png,-1
idx0413.png,-1
idx0414.png,-1
idx0415.png,-1
idx0416.png,-1
idx0417.png,-1
idx0418.png,-1
idx0419.png,-1
idx0420.png,-1
idx0421.png,-1
idx0422.png,-1
idx0423.png,-1
idx0424.png,-1
idx0425.png,-1
idx0426.png,-1
idx0427.png,-1
idx0428.png,-1
idx0429.png,-1
idx0430.png,-1
idx0431.png,-1
idx0432.png,-1
idx0433.png,-1
idx0434.png,-1
idx0435.png,-1
idx0436.png,-1
idx0437.png,-1
idx0438.png,-1
idx0439.png,-1
idx0440.png,-1
idx0441.png,-1
idx0442.png,-1
idx0443.png,-1
idx0444.png,-1
idx0445.png,-1
idx0446.png,-1
idx0447.png,-1
idx0448.png,-1
idx0449.png,-1
idx0450.png,-1
idx0451.png,-1
idx0452.png,-1
idx0453.png,-1
idx0454.png,-1
idx0455.png,-1
idx0456.png,-1
idx0457.png,-1
idx0458.png,-1
idx0459.png,-1
idx0460.png,-1
idx0461.png,-1
idx0462.png,-1
idx0463.png,-1
idx0464.png,-1
idx0465.png,-1
idx0466.png,-1
idx0467.png,-1
idx0468.png,-1
idx0469.png,-1
idx0470.png,-1
idx0471.png,-1
idx0472.png,-1
idx0473.png,-1
idx0474.png,-1
idx0475.png,-1
idx0476.png,-1
idx0477.png,-1
idx0478.png,-1
idx0479.png,-1
idx0480.png,-1
idx0481.png,-1
idx0482.png,-1
idx0483.png,-1
idx0484.png,-1
idx0485.png,-1
idx0486.png,-1
idx0487.png,-1
idx0488.png,-1
idx0489.png,-1
idx0490.png,-1
idx0491.png,-1
idx0492.png,-1
idx0493.png,-1
idx0494.png,-1
idx0495.png,-1
idx0496.png,-1
idx0497.png,-1
idx0498.png,-1
idx0499.png,-1
idx0500.png,-1
idx0501.png,-1
idx0502.png,-1
idx0503.png,-1
idx0504.png,-1
idx0505.png,-1
idx0506.png,-1
idx0507.png,-1
idx0508.png,-1
idx0509.png,-1
idx0510.png,-1
idx0511.png,-1
idx0512.png,-1
idx0513.png,-1
idx0514.png,-1
idx0515.png,-1
idx0516.png,-1
idx0517.png,-1
idx0518.png,-1
idx0519.png,-1
idx0520.png,-1
idx0521.png,-1
idx0522.png,-1
idx0523.png,-1
idx0524.png,-1
idx0525.png,-1
idx0526.png,-1
idx0527.png,-1
idx0528.png,-1
idx0529.png,-1
idx0530.png,-1
idx0531.png,-1
idx0532.png,-1
idx0533.png,-1
idx0534.png,-1
idx0535.png,-1
idx0536.png,-1
idx0537.png,-1
idx0538.png,-1
idx0539.png,-1
idx0540.png,-1
idx0541.png,-1
idx0542.png,-1
idx0543.png,-1
idx0544.png,-1
idx0545.png,-1
idx0546.png,-1
idx0547.png,-1
idx0548.png,-1
idx0549.png,-1
idx0550.png,-1
idx0551.png,-1
idx0552.png,-1
idx0553.png,-1
idx0554.png,-1
idx0555.png,-1
idx0556.png,-1
idx0557.png,-1
idx0558.png,-1
idx0559.png,-1
idx0560.png,-1
idx0561.png,-1
idx0562.png,-1
idx0563.png,-1
idx0564.png,-1
idx0565.png,-1
idx0566.png,-1
idx0567.png,-1
idx0568.png,-1
idx0569.png,-1
idx0570.png,-1
idx0571.png,-1
idx0572.png,-1
idx0573.png,-1
idx0574.png,-1
idx0575.png,-1
idx0576.png,-1
idx0577.png,-1
idx0578.png,-1
idx0579.png,-1
idx0580.png,-1
idx0581.png,-1
idx0582.png,-1
idx0583.png,-1
idx0584.png,-1
idx0585.png,-1
idx0586.png,-1
idx0587.png,-1
idx0588.png,-1
idx0589.png,-1
idx0590.png,-1
idx0591.png,-1
idx0592.png,-1
idx0593.png,-1
idx0594.png,-1
idx0595.png,-1
idx0596.png,-1
idx0597.png,-1
idx0598.png,-1
idx0599.png,-1
idx0600.png,-1
idx0601.png,-1
idx0602.png,-1
idx0603.png,-1
idx0604.png,-1
idx0605.png,-1
idx0606.png,-1
idx0607.png,-1
idx0608.png,-1
idx0609.png,-1
idx0610.png,-1
idx0611.png,-1
idx0612.png,-1
idx0613.png,-1
idx0614.png,-1
idx0615.png,-1
idx0616.png,-1
idx0617.png,-1
idx0618.png,-1
idx0619.png,-1
idx0620.png,-1
idx0621.png,-1
idx0622.png,-1
idx0623.png,-1
idx0624.png,-1
idx0625.png,-1
idx0626.png,-1
idx0627.png,-1
idx0628.png,-1
idx0629.png,-1
idx0630.png,-1
idx0631.png,-1
idx0632.png,-1
idx0633.png,-1
idx0634.png,-1
idx0635.png,-1
idx0636.png,-1
idx0637.png,-1
idx0638.png,-1
idx0639.png,-1
idx0640.png,-1
idx0641.png,-1
idx0642.png,-1
idx0643.png,-1
idx0644.png,-1
idx0645.png,-1
idx0646.png,-1
idx0647.png,-1
idx0648.png,-1
idx0649.png,-1
idx0650.png,-1
idx0651.png,-1
idx0652.png,-1
idx0653.png,-1
idx0654.png,-1
idx0655.png,-1
idx0656.png,-1
idx0657.png,-1
idx0658.png,-1
idx0659.png,-1
idx0660.png,-1
idx0661.png,-1
idx0662.png,-1
idx0663.png,-1
idx0664.png,-1
idx0665.png,-1
idx0666.png,-1
idx0667.png,-1
idx0668.png,-1
idx0669.png,-1
idx0670.png,-1
idx0671.png,-1
idx0672.png,-1
idx0673.png,-1
idx0674.png,-1
idx0675.png,-1
idx0676.png,-1
idx0677.png,-1
idx0678.png,-1
idx0679.png,-1
idx0680.png,-1
idx0681.png,-1
idx0682.png,-1
idx0683.png,-1
idx0684.png,-1
idx0685.png,-1
idx0686.png,-1
idx0687.png,-1
idx0688.png,-1
idx0689.png,-1
idx0690.png,-1
idx0691.png,-1
idx0692.png,-1
idx0693.png,-1
idx0694.png,-1
idx0695.png,-1
idx0696.png,-1
idx0697.png,-1
idx0698.png,-1
idx0699.png,-1
idx0700.png,-1
idx0701.png,-1
idx0702.png,-1
idx0703.png,-1
idx0704.png,-1
idx0705.png,-1
idx0706.png,-1
idx0707.png,-1
idx0708.png,-1
idx0709.png,-1
idx0710.png,-1
idx0711.png,-1
idx0712.png,-1
idx0713.png,-1
idx0714.png,-1
idx0715.png,-1
idx0716.png,-1
idx0717.png,-1
idx0718.png,-1
idx0719.png,-1
idx0720.png,-1
idx0721.png,-1
idx0722.png,-1
idx0723.png,-1
idx0724.png,-1
idx0725.png,-1
idx0726.png,-1
idx0727.png,-1
idx0728.png,-1
idx0729.png,-1
idx0730.png,-1
idx0731.png,-1
idx0732.png,-1
idx0733.png,-1
idx0734.png,-1
idx0735.png,-1
idx0736.png,-1
idx0737.png,-1
idx0738.png,-1
idx0739.png,-1
idx0740.png,-1
idx0741.png,-1
idx0742.png,-1
idx0743.png,-1
idx0744.png,-1
idx0745.png,-1
idx0746.png,-1
idx0747.png,-1
idx0748.png,-1
idx0749.png,-1
idx0750.png,-1
idx0751.png,-1
idx0752.png,-1
idx0753.png,-1
idx0754.png,-1
idx0755.png,-1
idx0756.png,-1
idx0757.png,-1
idx0758.png,-1
idx0759.png,-1
idx0760.png,-1
idx0761.png,-1
idx0762.png,-1
idx0763.png,-1
idx0764.png,-1
idx0765.png,-1
idx0766.png,-1
idx0767.png,-1
idx0768.png,-1
idx0769.png,-1
idx0770.png,-1
idx0771.png,-1
idx0772.png,-1
idx0773.png,-1
idx0774.png,-1
idx0775.png,-1
idx0776.png,-1
idx0777.png,-1
idx0778.png,-1
idx0779.png,-1
idx0780.png,-1
idx0781.png,-1
idx0782.png,-1
idx0783.png,-1
idx0784.png,-1
idx0785.png,-1
idx0786.png,-1
idx0787.png,-1
idx0788.png,-1
idx0789.png,-1
idx0790.png,-1
idx0791.png,-1
idx0792.png,-1
idx0793.png,-1
idx0794.png,-1
idx0795.png,-1
idx0796.png,-1
idx0797.png,-1
idx0798.png,-1
idx0799.png,-1
idx0800.png,-1
idx0801.png,-1
idx0802.png,-1
idx0803.png,-1
idx0804.png,-1
idx0805.png,-1
idx0806.png,-1
idx0807.png,-1
idx0808.png,-1
idx0809.png,-1
idx0810.png,-1
idx0811.png,-1
idx0812.png,-1
idx0813.png,-1
idx0814.png,-1
idx0815.png,-1
idx0816.png,-1
idx0817.png,-1
idx0818.png,-1
idx0819.png,-1
idx0820.png,-1
idx0821.png,-1
idx0822.png,-1
idx0823.png,-1
idx0824.png,-1
idx0825.png,-1
idx0826.png,-1
idx0827.png,-1
idx0828.png,-1
idx0829.png,-1
idx0830.png,-1
idx0831.png,-1
idx0832.png,-1
idx0833.png,-1
idx0834.png,-1
idx0835.png,-1
idx0836.png,-1
idx0837.png,-1
idx0838.png,-1
idx0839.png,-1
idx0840.png,-1
idx0841.png,-1
idx0842.png,-1
idx0843.png,-1
idx0844.png,-1
idx0845.png,-1
idx0846.png,-1
idx0847.png,-1
idx0848.png,-1
idx0849.png,-1
idx0850.png,-1
idx0851.png,-1
idx0852.png,-1
idx0853.png,-1
idx0854.png,-1
idx0855.png,-1
idx0856.png,-1
idx0857.png,-1
idx0858.png,-1
idx0859.png,-1
idx0860.png,-1
idx0861.png,-1
idx0862.png,-1
idx0863.png,-1
idx0864.png,-1
idx0865.png,-1
idx0866.png,-1
idx0867.png,-1
idx0868.png,-1
idx0869.png,-1
idx0870.png,-1
idx0871.png,-1
idx0872.png,-1
idx0873.png,-1
idx0874.png,-1
idx0875.png,-1
idx0876.png,-1
idx0877.png,-1
idx0878.png,-1
idx0879.png,-1
idx0880.png,-1
idx0881.png,-1
idx0882.png,-1
idx0883.png,-1
idx0884.png,-1
idx0885.png,-1
idx0886.png,-1
idx0887.png,-1
idx0888.png,-1
idx0889.png,-1
idx0890.png,-1
idx0891.png,-1
idx0892.png,-1
idx0893.png,-1
idx0894.png,-1
idx0895.png,-1
idx0896.png,-1
idx0897.png,-1
idx0898.png,-1
idx0899.png,-1
idx0900.png,-1
idx0901.png,-1
idx0902.png,-1
idx0903.png,-1
idx0904.png,-1
idx0905.png,-1
idx0906.png,-1
idx0907.png,-1
idx0908.png,-1
idx0909.png,-1
idx0910.png,-1
idx0911.png,-1
idx0912.png,-1
idx0913.png,-1
idx0914.png,-1
idx0915.png,-1
idx0916.png,-1
idx0917.png,-1
idx0918.png,-1
idx0919.png,-1
idx0920.png,-1
idx0921.png,-1
idx0922.png,-1
idx0923.png,-1
idx0924.png,-1
idx0925.png,-1
idx0926.png,-1
idx0927.png,-1
idx0928.png,-1
idx0929.png,-1
idx0930.png,-1
idx0931.png,-1
idx0932.png,-1
idx0933.png,-1
idx0934.png,-1
idx0935.png,-1
idx0936.png,-1
idx0937.png,-1
idx0938.png,-1
idx0939.png,-1
idx0940.png,-1
idx0941.png,-1
idx0942.png,-1
idx0943.png,-1
idx0944.png,-1
idx0945.png,-1
idx0946.png,-1
idx0947.png,-1
idx0948.png,-1
idx0949.png,-1
idx0950.png,-1
idx0951.png,-1
idx0952.png,-1
idx0953.png,-1
idx0954.png,-1
idx0955.png,-1
idx0956.png,-1
idx0957.png,-1
idx0958.png,-1
idx0959.png,-1
idx0960.png,-1
idx0961.png,-1
idx0962.png,-1
idx0963.png,-1
idx0964.png,-1
idx0965.png,-1
idx0966.png,-1
idx0967.png,-1
idx0968.png,-1
idx0969.png,-1
idx0970.png,-1
idx0971.png,-1
idx0972.png,-1
idx0973.png,-1
idx0974.png,-1
idx0975.png,-1
idx0976.png,-1
idx0977.png,-1
idx0978.png,-1
idx0979.png,-1
idx0980.png,-1
idx0981.png,-1
idx0982.png,-1
idx0983.png,-1
idx0984.png,-1
idx0985.png,-1
idx0986.png,-1
idx0987.png,-1
idx0988.png,-1
idx0989.png,-1
idx0990.png,-1
idx0991.png,-1
idx0992.png,-1
idx0993.png,-1
idx0994.png,-1
idx0995.png,-1
idx0996.png,-1
idx0997.png,-1
idx0998.png,-1
idx0999.png,-1
idx1000.png,-1
idx1001.png,-1
idx1002.png,-1
idx1003.png,-1
idx1004.png,-1
idx1005.png,-1
idx1006.png,-1
idx1007.png,-1
idx1008.png,-1
idx1009.png,-1
idx1010.png,-1
idx1011.png,-1
idx1012.png,-1
idx1013.png,-1
idx1014.png,-1
idx1015.png,-1
idx1016.png,-1
idx1017.png,-1
idx1018.png,-1
idx1019.png,-1
idx1020.png,-1
idx1021.png,-1
idx1022.png,-1
idx1023.png,-1
idx1024.png,-1
idx1025.png,-1
idx1026.png,-1
idx1027.png,-1
idx1028.png,-1
idx1029.png,-1
idx1030.png,-1
idx1031.png,-1
idx1032.png,-1
idx1033.png,-1
idx1034.png,-1
idx1035.png,-1
idx1036.png,-1
idx1037.png,-1
idx1038.png,-1
idx1039.png,-1
idx1040.png,-1
idx1041.png,-1
idx1042.png,-1
idx1043.png,-1
idx1044.png,-1
idx1045.png,-1
idx1046.png,-1
idx1047.png,-1
idx1048.png,-1
idx1049.png,-1
idx1050.png,-1
idx1051.png,-1
idx1052.png,-1
idx1053.png,-1
idx1054.png,-1
idx1055.png,-1
idx1056.png,-1
idx1057.png,-1
idx1058.png,-1
idx1059.png,-1
idx1060.png,-1
idx1061.png,-1
idx1062.png,-1
idx1063.png,-1
idx1064.png,-1
idx1065.png,-1
idx1066.png,-1
idx1067.png,-1
idx1068.png,-1
idx1069.png,-1
idx1070.png,-1
idx1071.png,-1
idx1072.png,-1
idx1073.png,-1
idx1074.png,-1
idx1075.png,-1
idx1076.png,-1
idx1077.png,-1
idx1078.png,-1
idx1079.png,-1
idx1080.png,-1
idx1081.png,-1
idx1082.png,-1
idx1083.png,-1
idx1084.png,-1
idx1085.png,-1
idx1086.png,-1
idx1087.png,-1
idx1088.png,-1
idx1089.png,-1
idx1090.png,-1
idx1091.png,-1
idx1092.png,-1
idx1093.png,-1
idx1094.png,-1
idx1095.png,-1
idx1096.png,-1
idx1097.png,-1
idx1098.png,-1
idx1099.png,-1
idx1100.png,-1
idx1101.png,-1
idx1102.png,-1
idx1103.png,-1
idx1104.png,-1
idx1105.png,-1
idx1106.png,-1
idx1107.png,-1
idx1108.png,-1
idx1109.png,-1
idx1110.png,-1
idx1111.png,-1
idx1112.png,-1
idx1113.png,-1
idx1114.png,-1
idx1115.png,-1
idx1116.png,-1
idx1117.png,-1
idx1118.png,-1
idx1119.png,-1
idx1120.png,-1
idx1121.png,-1
idx1122.png,-1
idx1123.png,-1
idx1124.png,-1
idx1125.png,-1
idx1126.png,-1
idx1127.png,-1
idx1128.png,-1
idx1129.png,-1
idx1130.png,-1
idx1131.png,-1
idx1132.png,-1
idx1133.png,-1
idx1134.png,-1
idx1135.png,-1
idx1136.png,-1
idx1137.png,-1
idx1138.png,-1
idx1139.png,-1
idx1140.png,-1
idx1141.png,-1
idx1142.png,-1
idx1143.png,-1
idx1144.png,-1
idx1145.png,-1
idx1146.png,-1
idx1147.png,-1
idx1148.png,-1
idx1149.png,-1
idx1150.png,-1
idx1151.png,-1
idx1152.png,-1
idx1153.png,-1
idx1154.png,-1
idx1155.png,-1
idx1156.png,-1
idx1157.png,-1
idx1158.png,-1
idx1159.png,-1
idx1160.png,-1
idx1161.png,-1
idx1162.png,-1
idx1163.png,-1
idx1164.png,-1
idx1165.png,-1
idx1166.png,-1
idx1167.png,-1
idx1168.png,-1
idx1169.png,-1
idx1170.png,-1
idx1171.png,-1
idx1172.png,-1
idx1173.png,-1
idx1174.png,-1
idx1175.png,-1
idx1176.png,-1
idx1177.png,-1
idx1178.png,-1
idx1179.png,-1
idx1180.png,-1
idx1181.png,-1
idx1182.png,-1
idx1183.png,-1
idx1184.png,-1
idx1185.png,-1
idx1186.png,-1
idx1187.png,-1
idx1188.png,-1
idx1189.png,-1
idx1190.png,-1
idx1191.png,-1
idx1192.png,-1
idx1193.png,-1
idx1194.png,-1
idx1195.png,-1
idx1196.png,-1
idx1197.png,-1
idx1198.png,-1
idx1199.png,-1
idx1200.png,-1
idx1201.png,-1
idx1202.png,-1
idx1203.png,-1
idx1204.png,-1
idx1205.png,-1
idx1206.png,-1
idx1207.png,-1
idx1208.png,-1
idx1209.png,-1
idx1210.png,-1
idx1211.png,-1
idx1212.png,-1
idx1213.png,-1
idx1214.png,-1
idx1215.png,-1
idx1216.png,-1
idx1217.png,-1
idx1218.png,-1
idx1219.png,-1
idx1220.png,-1
idx1221.png,-1
idx1222.png,-1
idx1223.png,-1
idx1224.png,-1
idx1225.png,-1
idx1226.png,-1
idx1227.png,-1
idx1228.png,-1
idx1229.png,-1
idx1230.png,-1
idx1231.png,-1
idx1232.png,-1
idx1233.png,-1
idx1234.png,-1
idx1235.png,-1
idx1236.png,-1
idx1237.png,-1
idx1238.png,-1
idx1239.png,-1
idx1240.png,-1
idx1241.png,-1
idx1242.png,-1
idx1243.png,-1
idx1244.png,-1
idx1245.png,-1
idx1246.png,-1
idx1247.png,-1
idx1248.png,-1
idx1249.png,-1
idx1250.png,-1
idx1251.png,-1
idx1252.png,-1
idx1253.png,-1
idx1254.png,-1
idx1255.png,-1
idx1256.png,-1
idx1257.png,-1
idx1258.png,-1
idx1259.png,-1
idx1260.png,-1
idx1261.png,-1
idx1262.png,-1
idx1263.png,-1
idx1264.png,-1
idx1265.png,-1
idx1266.png,-1
idx1267.png,-1
idx1268.png,-1
idx1269.png,-1
idx1270.png,-1
idx1271.png,-1
idx1272.png,-1
idx1273.png,-1
idx1274.png,-1
idx1275.png,-1
idx1276.png,-1
idx1277.png,-1
idx1278.png,-1
idx1279.png,-1
idx1280.png,-1
idx1281.png,-1
idx1282.png,-1
idx1283.png,-1
idx1284.png,-1
idx1285.png,-1
idx1286.png,-1
idx1287.png,-1
idx1288.png,-1
idx1289.png,-1
idx1290.png,-1
idx1291.png,-1
idx1292.png,-1
idx1293.png,-1
idx1294.png,-1
idx1295.png,-1
idx1296.png,-1
idx1297.png,-1
idx1298.png,-1
idx1299.png,-1
idx1300.png,-1
idx1301.png,-1
idx1302.png,-1
idx1303.png,-1
idx1304.png,-1
idx1305.png,-1
idx1306.png,-1
idx1307.png,-1
idx1308.png,-1
idx1309.png,-1
idx1310.png,-1
idx1311.png,-1
idx1312.png,-1
idx1313.png,-1
idx1314.png,-1
idx1315.png,-1
idx1316.png,-1
idx1317.png,-1
idx1318.png,-1
idx1319.png,-1
idx1320.png,-1
idx1321.png,-1
idx1322.png,-1
idx1323.png,-1
idx1324.png,-1
idx1325.png,-1
idx1326.png,-1
idx1327.png,-1
idx1328.png,-1
idx1329.png,-1
idx1330.png,-1
idx1331.png,-1
idx1332.png,-1
idx1333.png,-1
idx1334.png,-1
idx1335.png,-1
idx1336.png,-1
idx1337.png,-1
idx1338.png,-1
idx1339.png,-1
idx1340.png,-1
idx1341.png,-1
idx1342.png,-1
idx1343.png,-1
idx1344.png,-1
idx1345.png,-1
idx1346.png,-1
idx1347.png,-1
idx1348.png,-1
idx1349.png,-1
idx1350.png,-1
idx1351.png,-1
idx1352.png,-1
idx1353.png,-1
idx1354.png,-1
idx1355.png,-1
idx1356.png,-1
idx1357.png,-1
idx1358.png,-1
idx1359.png,-1
idx1360.png,-1
idx1361.png,-1
idx1362.png,-1
idx1363.png,-1
idx1364.png,-1
idx1365.png,-1
idx1366.png,-1
idx1367.png,-1
idx1368.png,-1
idx1369.png,-1
idx1370.png,-1
idx1371.png,-1
idx1372.png,-1
idx1373.png,-1
idx1374.png,-1
idx1375.png,-1
idx1376.png,-1
idx1377.png,-1
idx1378.png,-1
idx1379.png,-1
idx1380.png,-1
idx1381.png,-1
idx1382.png,-1
idx1383.png,-1
idx1384.png,-1
idx1385.png,-1
idx1386.png,-1
idx1387.png,-1
idx1388.png,-1
idx1389.png,-1
idx1390.png,-1
idx1391.png,-1
idx1392.png,-1
idx1393.png,-1
idx1394.png,-1
idx1395.png,-1
idx1396.png,-1
idx1397.png,-1
idx1398.png,-1
idx1399.png,-1
idx1400.png,-1
idx1401.png,-1
idx1402.png,-1
idx1403.png,-1
idx1404.png,-1
idx1405.png,-1
idx1406.png,-1
idx1407.png,-1
idx1408.png,-1
idx1409.png,-1
idx1410.png,-1
idx1411.png,-1
idx1412.png,-1
idx1413.png,-1
idx1414.png,-1
idx1415.png,-1
idx1416.png,-1
idx1417.png,-1
idx1418.png,-1
idx1419.png,-1
idx1420.png,-1
idx1421.png,-1
idx1422.png,-1
idx1423.png,-1
idx1424.png,-1
idx1425.png,-1
idx1426.png,-1
idx1427.png,-1
idx1428.png,-1
idx1429.png,-1
idx1430.png,-1
idx1431.png,-1
idx1432.png,-1
idx1433.png,-1
idx1434.png,-1
idx1435.png,-1
idx1436.png,-1
idx1437.png,-1
idx1438.png,-1
idx1439.png,-1
idx1440.png,-1
idx1441.png,-1
idx1442.png,-1
idx1443.png,-1
idx1444.png,-1
idx1445.png,-1
idx1446.png,-1
idx1447.png,-1
idx1448.png,-1
idx1449.png,-1
idx1450.png,-1
idx1451.png,-1
idx1452.png,-1
idx1453.png,-1
idx1454.png,-1
idx1455.png,-1
idx1456.png,-1
idx1457.png,-1
idx1458.png,-1
idx1459.png,-1
idx1460.png,-1
idx1461.png,-1
idx1462.png,-1
idx1463.png,-1
idx1464.png,-1
idx1465.png,-1
idx1466.png,-1
idx1467.png,-1
idx1468.png,-1
idx1469.png,-1
idx1470.png,-1
idx1471.png,-1
idx1472.png,-1
idx1473.png,-1
idx1474.png,-1
idx1475.png,-1
idx1476.png,-1
idx1477.png,-1
idx1478.png,-1
idx1479.png,-1
idx1480.png,-1
idx1481.png,-1
idx1482.png,-1
idx1483.png,-1
idx1484.png,-1
idx1485.png,-1
idx1486.png,-1
idx1487.png,-1
idx1488.png,-1
idx1489.png,-1
idx1490.png,-1
idx1491.png,-1
idx1492.png,-1
idx1493.png,-1
idx1494.png,-1
idx1495.png,-1
idx1496.png,-1
idx1497.png,-1
idx1498.png,-1
idx1499.png,-1
idx1500.png,-1
idx1501.png,-1
idx1502.png,-1
idx1503.png,-1
idx1504.png,-1
idx1505.png,-1
idx1506.png,-1
idx1507.png,-1
idx1508.png,-1
idx1509.png,-1
idx1510.png,-1
idx1511.png,-1
idx1512.png,-1
idx1513.png,-1
idx1514.png,-1
idx1515.png,-1
idx1516.png,-1
idx1517.png,-1
idx1518.png,-1
idx1519.png,-1
idx1520.png,-1
idx1521.png,-1
idx1522.png,-1
idx1523.png,-1
idx1524.png,-1
idx1525.png,-1
idx1526.png,-1
idx1527.png,-1
idx1528.png,-1
idx1529.png,-1
idx1530.png,-1
idx1531.png,-1
idx1532.png,-1
idx1533.png,-1
idx1534.png,-1
idx1535.png,-1
idx1536.png,-1
idx1537.png,-1
idx1538.png,-1
idx1539.png,-1
idx1540.png,-1
idx1541.png,-1
idx1542.png,-1
idx1543.png,-1
idx1544.png,-1
idx1545.png,-1
idx1546.png,-1
idx1547.png,-1
idx1548.png,-1
idx1549.png,-1
idx1550.png,-1
idx1551.png,-1
idx1552.png,-1
idx1553.png,-1
idx1554.png,-1
idx1555.png,-1
idx1556.png,-1
idx1557.png,-1
idx1558.png,-1
idx1559.png,-1
idx1560.png,-1
idx1561.png,-1
idx1562.png,-1
idx1563.png,-1
idx1564.png,-1
idx1565.png,-1
idx1566.png,-1
idx1567.png,-1
idx1568.png,-1
idx1569.png,-1
idx1570.png,-1
idx1571.png,-1
idx1572.png,-1
idx1573.png,-1
idx1574.png,-1
idx1575.png,-1
idx1576.png,-1
idx1577.png,-1
idx1578.png,-1
idx1579.png,-1
idx1580.png,-1
idx1581.png,-1
idx1582.png,-1
idx1583.png,-1
idx1584.png,-1
idx1585.png,-1
idx1586.png,-1
idx1587.png,-1
idx1588.png,-1
idx1589.png,-1
idx1590.png,-1
idx1591.png,-1
idx1592.png,-1
idx1593.png,-1
idx1594.png,-1
idx1595.png,-1
idx1596.png,-1
idx1597.png,-1
idx1598.png,-1
idx1599.png,-1
idx1600.png,-1
idx1601.png,-1
idx1602.png,-1
idx1603.png,-1
idx1604.png,-1
idx1605.png,-1
idx1606.png,-1
idx1607.png,-1
idx1608.png,-1
idx1609.png,-1
idx1610.png,-1
idx1611.png,-1
idx1612.png,-1
idx1613.png,-1
idx1614.png,-1
idx1615.png,-1
idx1616.png,-1
idx1617.png,-1
idx1618.png,-1
idx1619.png,-1
idx1620.png,-1
idx1621.png,-1
idx1622.png,-1
idx1623.png,-1
idx1624.png,-1
idx1625.png,-1
idx1626.png,-1
idx1627.png,-1
idx1628.png,-1
idx1629.png,-1
idx1630.png,-1
idx1631.png,-1
idx1632.png,-1
idx1633.png,-1
idx1634.png,-1
idx1635.png,-1
idx1636.png,-1
idx1637.png,-1
idx1638.png,-1
idx1639.png,-1
idx1640.png,-1
idx1641.png,-1
idx1642.png,-1
idx1643.png,-1
idx1644.png,-1
idx1645.png,-1
idx1646.png,-1
idx1647.png,-1
idx1648.png,-1
idx1649.png,-1
idx1650.png,-1
idx1651.png,-1
idx1652.png,-1
idx1653.png,-1
idx1654.png,-1
idx1655.png,-1
idx1656.png,-1
idx1657.png,-1
idx1658.png,-1
idx1659.png,-1
idx1660.png,-1
idx1661.png,-1
idx1662.png,-1
idx1663.png,-1
idx1664.png,-1
idx1665.png,-1
idx1666.png,-1
idx1667.png,-1
idx1668.png,-1
idx1669.png,-1
idx1670.png,-1
idx1671.png,-1
idx1672.png,-1
idx1673.png,-1
idx1674.png,-1
idx1675.png,-1
idx1676.png,-1
idx1677.png,-1
idx1678.png,-1
idx1679.png,-1
idx1680.png,-1
idx1681.png,-1
idx1682.png,-1
idx1683.png,-1
idx1684.png,-1
idx1685.png,-1
idx1686.png,-1
idx1687.png,-1
idx1688.png,-1
idx1689.png,-1
idx1690.png,-1
idx1691.png,-1
idx1692.png,-1
idx1693.png,-1
idx1694.png,-1
idx1695.png,-1
idx1696.png,-1
idx1697.png,-1
idx1698.png,-1
idx1699.png,-1
idx1700.png,-1
idx1701.png,-1
idx1702.png,-1
idx1703.png,-1
idx1704.png,-1
idx1705.png,-1
idx1706.png,-1
idx1707.png,-1
idx1708.png,-1
idx1709.png,-1
idx1710.png,-1
idx1711.png,-1
idx1712.png,-1
idx1713.png,-1
idx1714.png,-1
idx1715.png,-1
idx1716.png,-1
idx1717.png,-1
idx1718.png,-1
idx1719.png,-1
idx1720.png,-1
idx1721.png,-1
idx1722.png,-1
idx1723.png,-1
idx1724.png,-1
idx1725.png,-1
idx1726.png,-1
idx1727.png,-1
idx1728.png,-1
idx1729.png,-1
idx1730.png,-1
idx1731.png,-1
idx1732.png,-1
idx1733.png,-1
idx1734.png,-1
idx1735.png,-1
idx1736.png,-1
idx1737.png,-1
idx1738.png,-1
idx1739.png,-1
idx1740.png,-1
idx1741.png,-1
idx1742.png,-1
idx1743.png,-1
idx1744.png,-1
idx1745.png,-1
idx1746.png,-1
idx1747.png,-1
idx1748.png,-1
idx1749.png,-1
idx1750.png,-1
idx1751.png,-1
idx1752.png,-1
idx1753.png,-1
idx1754.png,-1
idx1755.png,-1
idx1756.png,-1
idx1757.png,-1
idx1758.png,-1
idx1759.png,-1
idx1760.png,-1
idx1761.png,-1
idx1762.png,-1
idx1763.png,-1
idx1764.png,-1
idx1765.png,-1
idx1766.png,-1
idx1767.png,-1
idx1768.png,-1
idx1769.png,-1
idx1770.png,-1
idx1771.png,-1
idx1772.png,-1
idx1773.png,-1
idx1774.png,-1
idx1775.png,-1
idx1776.png,-1
idx1777.png,-1
idx1778.png,-1
idx1779.png,-1
idx1780.png,-1
idx1781.png,-1
idx1782.png,-1
idx1783.png,-1
idx1784.png,-1
idx1785.png,-1
idx1786.png,-1
idx1787.png,-1
idx1788.png,-1
idx1789.png,-1
idx1790.png,-1
idx1791.png,-1
idx1792.png,-1
idx1793.png,-1
idx1794.png,-1
idx1795.png,-1
idx1796.png,-1
idx1797.png,-1
idx1798.png,-1
idx1799.png,-1
idx1800.png,-1
idx1801.png,-1
idx1802.png,-1
idx1803.png,-1
idx1804.png,-1
idx1805.png,-1
idx1806.png,-1
idx1807.png,-1
idx1808.png,-1
idx1809.png,-1
idx1810.png,-1
idx1811.png,-1
idx1812.png,-1
idx1813.png,-1
idx1814.png,-1
idx1815.png,-1
idx1816.png,-1
idx1817.png,-1
idx1818.png,-1
idx1819.png,-1
idx1820.png,-1
idx1821.png,-1
idx1822.png,-1
idx1823.png,-1
idx1824.png,-1
idx1825.png,-1
idx1826.png,-1
idx1827.png,-1
idx1828.png,-1
idx1829.png,-1
idx1830.png,-1
idx1831.png,-1
idx1832.png,-1
idx1833.png,-1
idx1834.png,-1
idx1835.png,-1
idx1836.png,-1
idx1837.png,-1
idx1838.png,-1
idx1839.png,-1
idx1840.png,-1
idx1841.png,-1
idx1842.png,-1
idx1843.png,-1
idx1844.png,-1
idx1845.png,-1
idx1846.png,-1
idx1847.png,-1
idx1848.png,-1
idx1849.png,-1
idx1850.png,-1
idx1851.png,-1
idx1852.png,-1
idx1853.png,-1
idx1854.png,-1
idx1855.png,-1
idx1856.png,-1
idx1857.png,-1
idx1858.png,-1
idx1859.png,-1
idx1860.png,-1
idx1861.png,-1
idx1862.png,-1
idx1863.png,-1
idx1864.png,-1
idx1865.png,-1
idx1866.png,-1
idx1867.png,-1
idx1868.png,-1
idx1869.png,-1
idx1870.png,-1
idx1871.png,-1
idx1872.png,-1
idx1873.png,-1
idx1874.png,-1
idx1875.png,-1
idx1876.png,-1
idx1877.png,-1
idx1878.png,-1
idx1879.png,-1
idx1880.png,-1
idx1881.png,-1
idx1882.png,-1
idx1883.png,-1
idx1884.png,-1
idx1885.png,-1
idx1886.png,-1
idx1887.png,-1
idx1888.png,-1
idx1889.png,-1
idx1890.png,-1
idx1891.png,-1
idx1892.png,-1
idx1893.png,-1
idx1894.png,-1
idx1895.png,-1
idx1896.png,-1
idx1897.png,-1
idx1898.png,-1
idx1899.png,-1
idx1900.png,-1
idx1901.png,-1
idx1902.png,-1
idx1903.png,-1
idx1904.png,-1
idx1905.png,-1
idx1906.png,-1
idx1907.png,-1
idx1908.png,-1
idx1909.png,-1
idx1910.png,-1
idx1911.png,-1
idx1912.png,-1
idx1913.png,-1
idx1914.png,-1
idx1915.png,-1
idx1916.png,-1
idx1917.png,-1
idx1918.png,-1
idx1919.png,-1
idx1920.png,-1
idx1921.png,-1
idx1922.png,-1
idx1923.png,-1
idx1924.png,-1
idx1925.png,-1
idx1926.png,-1
idx1927.png,-1
idx1928.png,-1
idx1929.png,-1
idx1930.png,-1
idx1931.png,-1
idx1932.png,-1
idx1933.png,-1
idx1934.png,-1
idx1935.png,-1
idx1936.png,-1
idx1937.png,-1
idx1938.png,-1
idx1939.png,-1
idx1940.png,-1
idx1941.png,-1
idx1942.png,-1
idx1943.png,-1
idx1944.png,-1
idx1945.png,-1
idx1946.png,-1
idx1947.png,-1
idx1948.png,-1
idx1949.png,-1
idx1950.png,-1
idx1951.png,-1
idx1952.png,-1
idx1953.png,-1
idx1954.png,-1
idx1955.png,-1
idx1956.png,-1
idx1957.png,-1
idx1958.png,-1
idx1959.png,-1
idx1960.png,-1
idx1961.png,-1
idx1962.png,-1
idx1963.png,-1
idx1964.png,-1
idx1965.png,-1
idx1966.png,-1
idx1967.png,-1
idx1968.png,-1
idx1969.png,-1
idx1970.png,-1
idx1971.png,-1
idx1972.png,-1
idx1973.png,-1
idx1974.png,-1
idx1975.png,-1
idx1976.png,-1
idx1977.png,-1
idx1978.png,-1
idx1979.png,-1
idx1980.png,-1
idx1981.png,-1
idx1982.png,-1
idx1983.png,-1
idx1984.png,-1
idx1985.png,-1
idx1986.png,-1
idx1987.png,-1
idx1988.png,-1
idx1989.png,-1
idx1990.png,-1
idx1991.png,-1
idx1992.png,-1
idx1993.png,-1
idx1994.png,-1
idx1995.png,-1
idx1996.png,-1
idx1997.png,-1
idx1998.png,-1
idx1999.png,-1
idx2000.png,-1
idx2001.png,-1
idx2002.png,-1
idx2003.png,-1
idx2004.png,-1
idx2005.png,-1
idx2006.png,-1
idx2007.png,-1
idx2008.png,-1
idx2009.png,-1
idx2010.png,-1
idx2011.png,-1
idx2012.png,-1
idx2013.png,-1
idx2014.png,-1
idx2015.png,-1
idx2016.png,-1
idx2017.png,-1
idx2018.png,-1
idx2019.png,-1
idx2020.png,-1
idx2021.png,-1
idx2022.png,-1
idx2023.png,-1
idx2024.png,-1
idx2025.png,-1
idx2026.png,-1
idx2027.png,-1
idx2028.png,-1
idx2029.png,-1
idx2030.png,-1
idx2031.png,-1
idx2032.png,-1
idx2033.png,-1
idx2034.png,-1
idx2035.png,-1
idx2036.png,-1
idx2037.png,-1
idx2038.png,-1
idx2039.png,-1
idx2040.png,-1
idx2041.png,-1
idx2042.png,-1
idx2043.png,-1
idx2044.png,-1
idx2045.png,-1
idx2046.png,-1
idx2047.png,-1
idx2048.png,-1
idx2049.png,-1
idx2050.png,-1
idx2051.png,-1
idx2052.png,-1
idx2053.png,-1
idx2054.png,-1
idx2055.png,-1
idx2056.png,-1
idx2057.png,-1
idx2058.png,-1
idx2059.png,-1
idx2060.png,-1
idx2061.png,-1
idx2062.png,-1
idx2063.png,-1
idx2064.png,-1
idx2065.png,-1
idx2066.png,-1
idx2067.png,-1
idx2068.png,-1
idx2069.png,-1
idx2070.png,-1
idx2071.png,-1
idx2072.png,-1
idx2073.png,-1
idx2074.png,-1
idx2075.png,-1
idx2076.png,-1
idx2077.png,-1
idx2078.png,-1
idx2079.png,-1
idx2080.png,-1
idx2081.png,-1
idx2082.png,-1
idx2083.png,-1
idx2084.png,-1
idx2085.png,-1
idx2086.png,-1
idx2087.png,-1
idx2088.png,-1
idx2089.png,-1
idx2090.png,-1
idx2091.png,-1
idx2092.png,-1
idx2093.png,-1
idx2094.png,-1
idx2095.png,-1
idx2096.png,-1
idx2097.png,-1
idx2098.png,-1
idx2099.png,-1
idx2100.png,-1
idx2101.png,-1
idx2102.png,-1
idx2103.png,-1
idx2104.png,-1
idx2105.png,-1
idx2106.png,-1
idx2107.png,-1
idx2108.png,-1
idx2109.png,-1
idx2110.png,-1
idx2111.png,-1
idx2112.png,-1
idx2113.png,-1
idx2114.png,-1
idx2115.png,-1
idx2116.png,-1
idx2117.png,-1
idx2118.png,-1
idx2119.png,-1
idx2120.png,-1
idx2121.png,-1
idx2122.png,-1
idx2123.png,-1
idx2124.png,-1
idx2125.png,-1
idx2126.png,-1
idx2127.png,-1
idx2128.png,-1
idx2129.png,-1
idx2130.png,-1
idx2131.png,-1
idx2132.png,-1
idx2133.png,-1
idx2134.png,-1
idx2135.png,-1
idx2136.png,-1
idx2137.png,-1
idx2138.png,-1
idx2139.png,-1
idx2140.png,-1
idx2141.png,-1
idx2142.png,-1
idx2143.png,-1
idx2144.png,-1
idx2145.png,-1
idx2146.png,-1
idx2147.png,-1
idx2148.png,-1
idx2149.png,-1
idx2150.png,-1
idx2151.png,-1
idx2152.png,-1
idx2153.png,-1
idx2154.png,-1
idx2155.png,-1
idx2156.png,-1
idx2157.png,-1
idx2158.png,-1
idx2159.png,-1
idx2160.png,-1
idx2161.png,-1
idx2162.png,-1
idx2163.png,-1
idx2164.png,-1
idx2165.png,-1
idx2166.png,-1
idx2167.png,-1
idx2168.png,-1
idx2169.png,-1
idx2170.png,-1
idx2171.png,-1
idx2172.png,-1
idx2173.png,-1
idx2174.png,-1
idx2175.png,-1
idx2176.png,-1
idx2177.png,-1
idx2178.png,-1
idx2179.png,-1
idx2180.png,-1
idx2181.png,-1
idx2182.png,-1
idx2183.png,-1
idx2184.png,-1
idx2185.png,-1
idx2186.png,-1
idx2187.png,-1
idx2188.png,-1
idx2189.png,-1
idx2190.png,-1
idx2191.png,-1
idx2192.png,-1
idx2193.png,-1
idx2194.png,-1
idx2195.png,-1
idx2196.png,-1
idx2197.png,-1
idx2198.png,-1
idx2199.png,-1
idx2200.png,-1
idx2201.png,-1
idx2202.png,-1
idx2203.png,-1
idx2204.png,-1
idx2205.png,-1
idx2206.png,-1
idx2207.png,-1
idx2208.png,-1
idx2209.png,-1
idx2210.png,-1
idx2211.png,-1
idx2212.png,-1
idx2213.png,-1
idx2214.png,-1
idx2215.png,-1
idx2216.png,-1
idx2217.png,-1
idx2218.png,-1
idx2219.png,-1
idx2220.png,-1
idx2221.png,-1
idx2222.png,-1
idx2223.png,-1
idx2224.png,-1
idx2225.png,-1
idx2226.png,-1
idx2227.png,-1
idx2228.png,-1
idx2229.png,-1
idx2230.png,-1
idx2231.png,-1
idx2232.png,-1
idx2233.png,-1
idx2234.png,-1
idx2235.png,-1
idx2236.png,-1
idx2237.png,-1
idx2238.png,-1
idx2239.png,-1
idx2240.png,-1
idx2241.png,-1
idx2242.png,-1
idx2243.png,-1
idx2244.png,-1
idx2245.png,-1
idx2246.png,-1
idx2247.png,-1
idx2248.png,-1
idx2249.png,-1
idx2250.png,-1
idx2251.png,-1
idx2252.png,-1
idx2253.png,-1
idx2254.png,-1
idx2255.png,-1
idx2256.png,-1
idx2257.png,-1
idx2258.png,-1
idx2259.png,-1
idx2260.png,-1
idx2261.png,-1
idx2262.png,-1
idx2263.png,-1
idx2264.png,-1
idx2265.png,-1
idx2266.png,-1
idx2267.png,-1
idx2268.png,-1
idx2269.png,-1
idx2270.png,-1
idx2271.png,-1
idx2272.png,-1
idx2273.png,-1
idx2274.png,-1
idx2275.png,-1
idx2276.png,-1
idx2277.png,-1
idx2278.png,-1
idx2279.png,-1
idx2280.png,-1
idx2281.png,-1
idx2282.png,-1
idx2283.png,-1
idx2284.png,-1
idx2285.png,-1
idx2286.png,-1
idx2287.png,-1
idx2288.png,-1
idx2289.png,-1
idx2290.png,-1
idx2291.png,-1
idx2292.png,-1
idx2293.png,-1
idx2294.png,-1
idx2295.png,-1
idx2296.png,-1
idx2297.png,-1
idx2298.png,-1
idx2299.png,-1
idx2300.png,-1
idx2301.png,-1
idx2302.png,-1
idx2303.png,-1
idx2304.png,-1
idx2305.png,-1
idx2306.png,-1
idx2307.png,-1
idx2308.png,-1
idx2309.png,-1
idx2310.png,-1
idx2311.png,-1
idx2312.png,-1
idx2313.png,-1
idx2314.png,-1
idx2315.png,-1
idx2316.png,-1
idx2317.png,-1
idx2318.png,-1
idx2319.png,-1
idx2320.png,-1
idx2321.png,-1
idx2322.png,-1
idx2323.png,-1
idx2324.png,-1
idx2325.png,-1
idx2326.png,-1
idx2327.png,-1
idx2328.png,-1
idx2329.png,-1
idx2330.png,-1
idx2331.png,-1
idx2332.png,-1
idx2333.png,-1
idx2334.png,-1
idx2335.png,-1
idx2336.png,-1
idx2337.png,-1
idx2338.png,-1
idx2339.png,-1
idx2340.png,-1
idx2341.png,-1
idx2342.png,-1
idx2343.png,-1
idx2344.png,-1
idx2345.png,-1
idx2346.png,-1
idx2347.png,-1
idx2348.png,-1
idx2349.png,-1
idx2350.png,-1
idx2351.png,-1
idx2352.png,-1
idx2353.png,-1
idx2354.png,-1
idx2355.png,-1
idx2356.png,-1
idx2357.png,-1
idx2358.png,-1
idx2359.png,-1
idx2360.png,-1
idx2361.png,-1
idx2362.png,-1
idx2363.png,-1
idx2364.png,-1
idx2365.png,-1
idx2366.png,-1
idx2367.png,-1
idx2368.png,-1
idx2369.png,-1
idx2370.png,-1
idx2371.png,-1
idx2372.png,-1
idx2373.png,-1
idx2374.png,-1
idx2375.png,-1
idx2376.png,-1
idx2377.png,-1
idx2378.png,-1
idx2379.png,-1
idx2380.png,-1
idx2381.png,-1
idx2382.png,-1
idx2383.png,-1
idx2384.png,-1
idx2385.png,-1
idx2386.png,-1
idx2387.png,-1
idx2388.png,-1
idx2389.png,-1
idx2390.png,-1
idx2391.png,-1
idx2392.png,-1
idx2393.png,-1
idx2394.png,-1
idx2395.png,-1
idx2396.png,-1
idx2397.png,-1
idx2398.png,-1
idx2399.png,-1
idx2400.png,-1
idx2401.png,-1
idx2402.png,-1
idx2403.png,-1
idx2404.png,-1
idx2405.png,-1
idx2406.png,-1
idx2407.png,-1
idx2408.png,-1
idx2409.png,-1
idx2410.png,-1
idx2411.png,-1
idx2412.png,-1
idx2413.png,-1
idx2414.png,-1
idx2415.png,-1
idx2416.png,-1
idx2417.png,-1
idx2418.png,-1
idx2419.png,-1
idx2420.png,-1
idx2421.png,-1
idx2422.png,-1
idx2423.png,-1
idx2424.png,-1
idx2425.png,-1
idx2426.png,-1
idx2427.png,-1
idx2428.png,-1
idx2429.png,-1
idx2430.png,-1
idx2431.png,-1
idx2432.png,-1
idx2433.png,-1
idx2434.png,-1
idx2435.png,-1
idx2436.png,-1
idx2437.png,-1
idx2438.png,-1
idx2439.png,-1
idx2440.png,-1
idx2441.png,-1
idx2442.png,-1
idx2443.png,-1
idx2444.png,-1
idx2445.png,-1
idx2446.png,-1
idx2447.png,-1
idx2448.png,-1
idx2449.png,-1
idx2450.png,-1
idx2451.png,-1
idx2452.png,-1
idx2453.png,-1
idx2454.png,-1
idx2455.png,-1
idx2456.png,-1
idx2457.png,-1
idx2458.png,-1
idx2459.png,-1
idx2460.png,-1
idx2461.png,-1
idx2462.png,-1
idx2463.png,-1
idx2464.png,-1
idx2465.png,-1
idx2466.png,-1
idx2467.png,-1
idx2468.png,-1
idx2469.png,-1
idx2470.png,-1
idx2471.png,-1
idx2472.png,-1
idx2473.png,-1
idx2474.png,-1
idx2475.png,-1
idx2476.png,-1
idx2477.png,-1
idx2478.png,-1
idx2479.png,-1
idx2480.png,-1
idx2481.png,-1
idx2482.png,-1
idx2483.png,-1
idx2484.png,-1
idx2485.png,-1
idx2486.png,-1
idx2487.png,-1
idx2488.png,-1
idx2489.png,-1
idx2490.png,-1
idx2491.png,-1
idx2492.png,-1
idx2493.png,-1
idx2494.png,-1
idx2495.png,-1
idx2496.png,-1
idx2497.png,-1
idx2498.png,-1
idx2499.png,-1
idx2500.png,-1
idx2501.png,-1
idx2502.png,-1
idx2503.png,-1
idx2504.png,-1
idx2505.png,-1
idx2506.png,-1
idx2507.png,-1
idx2508.png,-1
idx2509.png,-1
idx2510.png,-1
idx2511.png,-1
idx2512.png,-1
idx2513.png,-1
idx2514.png,-1
idx2515.png,-1
idx2516.png,-1
idx2517.png,-1
idx2518.png,-1
idx2519.png,-1
idx2520.png,-1
idx2521.png,-1
idx2522.png,-1
idx2523.png,-1
idx2524.png,-1
idx2525.png,-1
idx2526.png,-1
idx2527.png,-1
idx2528.png,-1
idx2529.png,-1
idx2530.png,-1
idx2531.png,-1
idx2532.png,-1
idx2533.png,-1
idx2534.png,-1
idx2535.png,-1
idx2536.png,-1
idx2537.png,-1
idx2538.png,-1
idx2539.png,-1
idx2540.png,-1
idx2541.png,-1
idx2542.png,-1
idx2543.png,-1
idx2544.png,-1
idx2545.png,-1
idx2546.png,-1
idx2547.png,-1
idx2548.png,-1
idx2549.png,-1
idx2550.png,-1
idx2551.png,-1
idx2552.png,-1
idx2553.png,-1
idx2554.png,-1
idx2555.png,-1
idx2556.png,-1
idx2557.png,-1
idx2558.png,-1
idx2559.png,-1
idx2560.png,-1
idx2561.png,-1
idx2562.png,-1
idx2563.png,-1
idx2564.png,-1
idx2565.png,-1
idx2566.png,-1
idx2567.png,-1
idx2568.png,-1
idx2569.png,-1
idx2570.png,-1
idx2571.png,-1
idx2572.png,-1
idx2573.png,-1
idx2574.png,-1
idx2575.png,-1
idx2576.png,-1
idx2577.png,-1
idx2578.png,-1
idx2579.png,-1
idx2580.png,-1
idx2581.png,-1
idx2582.png,-1
idx2583.png,-1
idx2584.png,-1
idx2585.png,-1
idx2586.png,-1
idx2587.png,-1
idx2588.png,-1
idx2589.png,-1
idx2590.png,-1
idx2591.png,-1
idx2592.png,-1
idx2593.png,-1
idx2594.png,-1
idx2595.png,-1
idx2596.png,-1
idx2597.png,-1
idx2598.png,-1
idx2599.png,-1
idx2600.png,-1
idx2601.png,-1
idx2602.png,-1
idx2603.png,-1
idx2604.png,-1
idx2605.png,-1
idx2606.png,-1
idx2607.png,-1
idx2608.png,-1
idx2609.png,-1
idx2610.png,-1
idx2611.png,-1
idx2612.png,-1
idx2613.png,-1
idx2614.png,-1
idx2615.png,-1
idx2616.png,-1
idx2617.png,-1
idx2618.png,-1
idx2619.png,-1
idx2620.png,-1
idx2621.png,-1
idx2622.png,-1
idx2623.png,-1
idx2624.png,-1
idx2625.png,-1
idx2626.png,-1
idx2627.png,-1
idx2628.png,-1
idx2629.png,-1
idx2630.png,-1
idx2631.png,-1
idx2632.png,-1
idx2633.png,-1
idx2634.png,-1
idx2635.png,-1
idx2636.png,-1
idx2637.png,-1
idx2638.png,-1
idx2639.png,-1
idx2640.png,-1
idx2641.png,-1
idx2642.png,-1
idx2643.png,-1
idx2644.png,-1
idx2645.png,-1
idx2646.png,-1
idx2647.png,-1
idx2648.png,-1
idx2649.png,-1
idx2650.png,-1
idx2651.png,-1
idx2652.png,-1
idx2653.png,-1
idx2654.png,-1
idx2655.png,-1
idx2656.png,-1
idx2657.png,-1
idx2658.png,-1
idx2659.png,-1
idx2660.png,-1
idx2661.png,-1
idx2662.png,-1
idx2663.png,-1
idx2664.png,-1
idx2665.png,-1
idx2666.png,-1
idx2667.png,-1
idx2668.png,-1
idx2669.png,-1
idx2670.png,-1
idx2671.png,-1
idx2672.png,-1
idx2673.png,-1
idx2674.png,-1
idx2675.png,-1
idx2676.png,-1
idx2677.png,-1
idx2678.png,-1
idx2679.png,-1
idx2680.png,-1
idx2681.png,-1
idx2682.png,-1
idx2683.png,-1
idx2684.png,-1
idx2685.png,-1
idx2686.png,-1
idx2687.png,-1
idx2688.png,-1
idx2689.png,-1
idx2690.png,-1
idx2691.png,-1
idx2692.png,-1
idx2693.png,-1
idx2694.png,-1
idx2695.png,-1
idx2696.png,-1
idx2697.png,-1
idx2698.png,-1
idx2699.png,-1
idx2700.png,-1
idx2701.png,-1
idx2702.png,-1
idx2703.png,-1
idx2704.png,-1
idx2705.png,-1
idx2706.png,-1
idx2707.png,-1
idx2708.png,-1
idx2709.png,-1
idx2710.png,-1
idx2711.png,-1
idx2712.png,-1
idx2713.png,-1
idx2714.png,-1
idx2715.png,-1
idx2716.png,-1
idx2717.png,-1
idx2718.png,-1
idx2719.png,-1
idx2720.png,-1
idx2721.png,-1
idx2722.png,-1
idx2723.png,-1
idx2724.png,-1
idx2725.png,-1
idx2726.png,-1
idx2727.png,-1
idx2728.png,-1
idx2729.png,-1
idx2730.png,-1
idx2731.png,-1
idx2732.png,-1
idx2733.png,-1
idx2734.png,-1
idx2735.png,-1
idx2736.png,-1
idx2737.png,-1
idx2738.png,-1
idx2739.png,-1
idx2740.png,-1
idx2741.png,-1
idx2742.png,-1
idx2743.png,-1
idx2744.png,-1
idx2745.png,-1
idx2746.png,-1
idx2747.png,-1
idx2748.png,-1
idx2749.png,-1
idx2750.png,-1
idx2751.png,-1
idx2752.png,-1
idx2753.png,-1
idx2754.png,-1
idx2755.png,-1
idx2756.png,-1
idx2757.png,-1
idx2758.png,-1
idx2759.png,-1
idx2760.png,-1
idx2761.png,-1
idx2762.png,-1
idx2763.png,-1
idx2764.png,-1
idx2765.png,-1
idx2766.png,-1
idx2767.png,-1
idx2768.png,-1
idx2769.png,-1
idx2770.png,-1
idx2771.png,-1
idx2772.png,-1
idx2773.png,-1
idx2774.png,-1
idx2775.png,-1
idx2776.png,-1
idx2777.png,-1
idx2778.png,-1
idx2779.png,-1
idx2780.png,-1
idx2781.png,-1
idx2782.png,-1
idx2783.png,-1
idx2784.png,-1
idx2785.png,-1
idx2786.png,-1
idx2787.png,-1
idx2788.png,-1
idx2789.png,-1
idx2790.png,-1
idx2791.png,-1
idx2792.png,-1
idx2793.png,-1
idx2794.png,-1
idx2795.png,-1
idx2796.png,-1
idx2797.png,-1
idx2798.png,-1
idx2799.png,-1
idx2800.png,-1
idx2801.png,-1
idx2802.png,-1
idx2803.png,-1
idx2804.png,-1
idx2805.png,-1
idx2806.png,-1
idx2807.png,-1
idx2808.png,-1
idx2809.png,-1
idx2810.png,-1
idx2811.png,-1
idx2812.png,-1
idx2813.png,-1
idx2814.png,-1
idx2815.png,-1
idx2816.png,-1
idx2817.png,-1
idx2818.png,-1
idx2819.png,-1
idx2820.png,-1
idx2821.png,-1
idx2822.png,-1
idx2823.png,-1
idx2824.png,-1
idx2825.png,-1
idx2826.png,-1
idx2827.png,-1
idx2828.png,-1
idx2829.png,-1
idx2830.png,-1
idx2831.png,-1
idx2832.png,-1
idx2833.png,-1
idx2834.png,-1
idx2835.png,-1
idx2836.png,-1
idx2837.png,-1
idx2838.png,-1
idx2839.png,-1
idx2840.png,-1
idx2841.png,-1
idx2842.png,-1
idx2843.png,-1
idx2844.png,-1
idx2845.png,-1
idx2846.png,-1
idx2847.png,-1
idx2848.png,-1
idx2849.png,-1
idx2850.png,-1
idx2851.png,-1
idx2852.png,-1
idx2853.png,-1
idx2854.png,-1
idx2855.png,-1
idx2856.png,-1
idx2857.png,-1
idx2858.png,-1
idx2859.png,-1
idx2860.png,-1
idx2861.png,-1
idx2862.png,-1
idx2863.png,-1
idx2864.png,-1
idx2865.png,-1
idx2866.png,-1
idx2867.png,-1
idx2868.png,-1
idx2869.png,-1
idx2870.png,-1
idx2871.png,-1
idx2872.png,-1
idx2873.png,-1
idx2874.png,-1
idx2875.png,-1
idx2876.png,-1
idx2877.png,-1
idx2878.png,-1
idx2879.png,-1
idx2880.png,-1
idx2881.png,-1
idx2882.png,-1
idx2883.png,-1
idx2884.png,-1
idx2885.png,-1
idx2886.png,-1
idx2887.png,-1
idx2888.png,-1
idx2889.png,-1
idx2890.png,-1
idx2891.png,-1
idx2892.png,-1
idx2893.png,-1
idx2894.png,-1
idx2895.png,-1
idx2896.png,-1
idx2897.png,-1
idx2898.png,-1
idx2899.png,-1
idx2900.png,-1
idx2901.png,-1
idx2902.png,-1
idx2903.png,-1
idx2904.png,-1
idx2905.png,-1
idx2906.png,-1
idx2907.png,-1
idx2908.png,-1
idx2909.png,-1
idx2910.png,-1
idx2911.png,-1
idx2912.png,-1
idx2913.png,-1
idx2914.png,-1
idx2915.png,-1
idx2916.png,-1
idx2917.png,-1
idx2918.png,-1
idx2919.png,-1
idx2920.png,-1
idx2921.png,-1
idx2922.png,-1
idx2923.png,-1
idx2924.png,-1
idx2925.png,-1
idx2926.png,-1
idx2927.png,-1
idx2928.png,-1
idx2929.png,-1
idx2930.png,-1
idx2931.png,-1
idx2932.png,-1
idx2933.png,-1
idx2934.png,-1
idx2935.png,-1
idx2936.png,-1
idx2937.png,-1
idx2938.png,-1
idx2939.png,-1
idx2940.png,-1
idx2941.png,-1
idx2942.png,-1
idx2943.png,-1
idx2944.png,-1
idx2945.png,-1
idx2946.png,-1
idx2947.png,-1
idx2948.png,-1
idx2949.png,-1
idx2950.png,-1
idx2951.png,-1
idx2952.png,-1
idx2953.png,-1
idx2954.png,-1
idx2955.png,-1
idx2956.png,-1
idx2957.png,-1
idx2958.png,-1
idx2959.png,-1
idx2960.png,-1
idx2961.png,-1
idx2962.png,-1
idx2963.png,-1
idx2964.png,-1
idx2965.png,-1
idx2966.png,-1
idx2967.png,-1
idx2968.png,-1
idx2969.png,-1
idx2970.png,-1
idx2971.png,-1
idx2972.png,-1
idx2973.png,-1
idx2974.png,-1
idx2975.png,-1
idx2976.png,-1
idx2977.png,-1
idx2978.png,-1
idx2979.png,-1
idx2980.png,-1
idx2981.png,-1
idx2982.png,-1
idx2983.png,-1
idx2984.png,-1
idx2985.png,-1
idx2986.png,-1
idx2987.png,-1
idx2988.png,-1
idx2989.png,-1
idx2990.png,-1
idx2991.png,-1
idx2992.png,-1
idx2993.png,-1
idx2994.png,-1
idx2995.png,-1
idx2996.png,-1
idx2997.png,-1
idx2998.png,-1
idx2999.png,-1
idx3000.png,-1
idx3001.png,-1
idx3002.png,-1
idx3003.png,-1
idx3004.png,-1
idx3005.png,-1
idx3006.png,-1
idx3007.png,-1
idx3008.png,-1
idx3009.png,-1
idx3010.png,-1
idx3011.png,-1
idx3012.png,-1
idx3013.png,-1
idx3014.png,-1
idx3015.png,-1
idx3016.png,-1
idx3017.png,-1
idx3018.png,-1
idx3019.png,-1
idx3020.png,-1
idx3021.png,-1
idx3022.png,-1
idx3023.png,-1
idx3024.png,-1
idx3025.png,-1
idx3026.png,-1
idx3027.png,-1
idx3028.png,-1
idx3029.png,-1
idx3030.png,-1
idx3031.png,-1
idx3032.png,-1
idx3033.png,-1
idx3034.png,-1
idx3035.png,-1
idx3036.png,-1
idx3037.png,-1
idx3038.png,-1
idx3039.png,-1
idx3040.png,-1
idx3041.png,-1
idx3042.png,-1
idx3043.png,-1
idx3044.png,-1
idx3045.png,-1
idx3046.png,-1
idx3047.png,-1
idx3048.png,-1
idx3049.png,-1
idx3050.png,-1
idx3051.png,-1
idx3052.png,-1
idx3053.png,-1
idx3054.png,-1
idx3055.png,-1
idx3056.png,-1
idx3057.png,-1
idx3058.png,-1
idx3059.png,-1
idx3060.png,-1
idx3061.png,-1
idx3062.png,-1
idx3063.png,-1
idx3064.png,-1
idx3065.png,-1
idx3066.png,-1
idx3067.png,-1
idx3068.png,-1
idx3069.png,-1
idx3070.png,-1
idx3071.png,-1
idx3072.png,-1
idx3073.png,-1
idx3074.png,-1
idx3075.png,-1
idx3076.png,-1
idx3077.png,-1
idx3078.png,-1
idx3079.png,-1
idx3080.png,-1
idx3081.png,-1
idx3082.png,-1
idx3083.png,-1
idx3084.png,-1
idx3085.png,-1
idx3086.png,-1
idx3087.png,-1
idx3088.png,-1
idx3089.png,-1
idx3090.png,-1
idx3091.png,-1
idx3092.png,-1
idx3093.png,-1
idx3094.png,-1
idx3095.png,-1
idx3096.png,-1
idx3097.png,-1
idx3098.png,-1
idx3099.png,-1
idx3100.png,-1
idx3101.png,-1
idx3102.png,-1
idx3103.png,-1
idx3104.png,-1
idx3105.png,-1
idx3106.png,-1
idx3107.png,-1
idx3108.png,-1
idx3109.png,-1
idx3110.png,-1
idx3111.png,-1
idx3112.png,-1
idx3113.png,-1
idx3114.png,-1
idx3115.png,-1
idx3116.png,-1
idx3117.png,-1
idx3118.png,-1
idx3119.png,-1
idx3120.png,-1
idx3121.png,-1
idx3122.png,-1
idx3123.png,-1
idx3124.png,-1
idx3125.png,-1
idx3126.png,-1
idx3127.png,-1
idx3128.png,-1
idx3129.png,-1
idx3130.png,-1
idx3131.png,-1
idx3132.png,-1
idx3133.png,-1
idx3134.png,-1
idx3135.png,-1
idx3136.png,-1
idx3137.png,-1
idx3138.png,-1
idx3139.png,-1
idx3140.png,-1
idx3141.png,-1
idx3142.png,-1
idx3143.png,-1
idx3144.png,-1
idx3145.png,-1
idx3146.png,-1
idx3147.png,-1
idx3148.png,-1
idx3149.png,-1
idx3150.png,-1
idx3151.png,-1
idx3152.png,-1
idx3153.png,-1
idx3154.png,-1
idx3155.png,-1
idx3156.png,-1
idx3157.png,-1
idx3158.png,-1
idx3159.png,-1
idx3160.png,-1
idx3161.png,-1
idx3162.png,-1
idx3163.png,-1
idx3164.png,-1
idx3165.png,-1
idx3166.png,-1
idx3167.png,-1
idx3168.png,-1
idx3169.png,-1
idx3170.png,-1
idx3171.png,-1
idx3172.png,-1
idx3173.png,-1
idx3174.png,-1
idx3175.png,-1
idx3176.png,-1
idx3177.png,-1
idx3178.png,-1
idx3179.png,-1
idx3180.png,-1
idx3181.png,-1
idx3182.png,-1
idx3183.png,-1
idx3184.png,-1
idx3185.png,-1
idx3186.png,-1
idx3187.png,-1
idx3188.png,-1
idx3189.png,-1
idx3190.png,-1
idx3191.png,-1
idx3192.png,-1
idx3193.png,-1
idx3194.png,-1
idx3195.png,-1
idx3196.png,-1
idx3197.png,-1
idx3198.png,-1
idx3199.png,-1
idx3200.png,-1
idx3201.png,-1
idx3202.png,-1
idx3203.png,-1
idx3204.png,-1
idx3205.png,-1
idx3206.png,-1
idx3207.png,-1
idx3208.png,-1
idx3209.png,-1
idx3210.png,-1
idx3211.png,-1
idx3212.png,-1
idx3213.png,-1
idx3214.png,-1
idx3215.png,-1
idx3216.png,-1
idx3217.png,-1
idx3218.png,-1
idx3219.png,-1
idx3220.png,-1
idx3221.png,-1
idx3222.png,-1
idx3223.png,-1
idx3224.png,-1
idx3225.png,-1
idx3226.png,-1
idx3227.png,-1
idx3228.png,-1
idx3229.png,-1
idx3230.png,-1
idx3231.png,-1
idx3232.png,-1
idx3233.png,-1
idx3234.png,-1
idx3235.png,-1
idx3236.png,-1
idx3237.png,-1
idx3238.png,-1
idx3239.png,-1
idx3240.png,-1
idx3241.png,-1
idx3242.png,-1
idx3243.png,-1
idx3244.png,-1
idx3245.png,-1
idx3246.png,-1
idx3247.png,-1
idx3248.png,-1
idx3249.png,-1
idx3250.png,-1
idx3251.png,-1
idx3252.png,-1
idx3253.png,-1
idx3254.png,-1
idx3255.png,-1
idx3256.png,-1
idx3257.png,-1
idx3258.png,-1
idx3259.png,-1
idx3260.png,-1
idx3261.png,-1
idx3262.png,-1
idx3263.png,-1
idx3264.png,-1
idx3265.png,-1
idx3266.png,-1
idx3267.png,-1
idx3268.png,-1
idx3269.png,-1
idx3270.png,-1
idx3271.png,-1
idx3272.png,-1
idx3273.png,-1
idx3274.png,-1
idx3275.png,-1
idx3276.png,-1
idx3277.png,-1
idx3278.png,-1
idx3279.png,-1
idx3280.png,-1
idx3281.png,-1
idx3282.png,-1
idx3283.png,-1
idx3284.png,-1
idx3285.png,-1
idx3286.png,-1
idx3287.png,-1
idx3288.png,-1
idx3289.png,-1
idx3290.png,-1
idx3291.png,-1
idx3292.png,-1
idx3293.png,-1
idx3294.png,-1
idx3295.png,-1
idx3296.png,-1
idx3297.png,-1
idx3298.png,-1
idx3299.png,-1
idx3300.png,-1
idx3301.png,-1
idx3302.png,-1
idx3303.png,-1
idx3304.png,-1
idx3305.png,-1
idx3306.png,-1
idx3307.png,-1
idx3308.png,-1
idx3309.png,-1
idx3310.png,-1
idx3311.png,-1
idx3312.png,-1
idx3313.png,-1
idx3314.png,-1
idx3315.png,-1
idx3316.png,-1
idx3317.png,-1
idx3318.png,-1
idx3319.png,-1
idx3320.png,-1
idx3321.png,-1
idx3322.png,-1
idx3323.png,-1
idx3324.png,-1
idx3325.png,-1
idx3326.png,-1
idx3327.png,-1
idx3328.png,-1
idx3329.png,-1
idx3330.png,-1
idx3331.png,-1
idx3332.png,-1
idx3333.png,-1
idx3334.png,-1
idx3335.png,-1
idx3336.png,-1
idx3337.png,-1
idx3338.png,-1
idx3339.png,-1
idx3340.png,-1
idx3341.png,-1
idx3342.png,-1
idx3343.png,-1
idx3344.png,-1
idx3345.png,-1
idx3346.png,-1
idx3347.png,-1
idx3348.png,-1
idx3349.png,-1
idx3350.png,-1
idx3351.png,-1
idx3352.png,-1
idx3353.png,-1
idx3354.png,-1
idx3355.png,-1
idx3356.png,-1
idx3357.png,-1
idx3358.png,-1
idx3359.png,-1
idx3360.png,-1
idx3361.png,-1
idx3362.png,-1
idx3363.png,-1
idx3364.png,-1
idx3365.png,-1
idx3366.png,-1
idx3367.png,-1
idx3368.png,-1
idx3369.png,-1
idx3370.png,-1
idx3371.png,-1
idx3372.png,-1
idx3373.png,-1
idx3374.png,-1
idx3375.png,-1
idx3376.png,-1
idx3377.png,-1
idx3378.png,-1
idx3379.png,-1
idx3380.png,-1
idx3381.png,-1
idx3382.png,-1
idx3383.png,-1
idx3384.png,-1
idx3385.png,-1
idx3386.png,-1
idx3387.png,-1
idx3388.png,-1
idx3389.png,-1
idx3390.png,-1
idx3391.png,-1
idx3392.png,-1
idx3393.png,-1
idx3394.png,-1
idx3395.png,-1
idx3396.png,-1
idx3397.png,-1
idx3398.png,-1
idx3399.png,-1
idx3400.png,-1
idx3401.png,-1
idx3402.png,-1
idx3403.png,-1
idx3404.png,-1
idx3405.png,-1
idx3406.png,-1
idx3407.png,-1
idx3408.png,-1
idx3409.png,-1
idx3410.png,-1
idx3411.png,-1
idx3412.png,-1
idx3413.png,-1
idx3414.png,-1
idx3415.png,-1
idx3416.png,-1
idx3417.png,-1
idx3418.png,-1
idx3419.png,-1
idx3420.png,-1
idx3421.png,-1
idx3422.png,-1
idx3423.png,-1
idx3424.png,-1
idx3425.png,-1
idx3426.png,-1
idx3427.png,-1
idx3428.png,-1
idx3429.png,-1
idx3430.png,-1
idx3431.png,-1
idx3432.png,-1
idx3433.png,-1
idx3434.png,-1
idx3435.png,-1
idx3436.png,-1
idx3437.png,-1
idx3438.png,-1
idx3439.png,-1
idx3440.png,-1
idx3441.png,-1
idx3442.png,-1
idx3443.png,-1
idx3444.png,-1
idx3445.png,-1
idx3446.png,-1
idx3447.png,-1
idx3448.png,-1
idx3449.png,-1
idx3450.png,-1
idx3451.png,-1
idx3452.png,-1
idx3453.png,-1
idx3454.png,-1
idx3455.png,-1
idx3456.png,-1
idx3457.png,-1
idx3458.png,-1
idx3459.png,-1
idx3460.png,-1
idx3461.png,-1
idx3462.png,-1
idx3463.png,-1
idx3464.png,-1
idx3465.png,-1
idx3466.png,-1
idx3467.png,-1
idx3468.png,-1
idx3469.png,-1
idx3470.png,-1
idx3471.png,-1
idx3472.png,-1
idx3473.png,-1
idx3474.png,-1
idx3475.png,-1
idx3476.png,-1
idx3477.png,-1
idx3478.png,-1
idx3479.png,-1
idx3480.png,-1
idx3481.png,-1
idx3482.png,-1
idx3483.png,-1
idx3484.png,-1
idx3485.png,-1
idx3486.png,-1
idx3487.png,-1
idx3488.png,-1
idx3489.png,-1
idx3490.png,-1
idx3491.png,-1
idx3492.png,-1
idx3493.png,-1
idx3494.png,-1
idx3495.png,-1
idx3496.png,-1
idx3497.png,-1
idx3498.png,-1
idx3499.png,-1
idx3500.png,-1
idx3501.png,-1
idx3502.png,-1
idx3503.png,-1
idx3504.png,-1
idx3505.png,-1
idx3506.png,-1
idx3507.png,-1
idx3508.png,-1
idx3509.png,-1
idx3510.png,-1
idx3511.png,-1
idx3512.png,-1
idx3513.png,-1
idx3514.png,-1
idx3515.png,-1
idx3516.png,-1
idx3517.png,-1
idx3518.png,-1
idx3519.png,-1
idx3520.png,-1
idx3521.png,-1
idx3522.png,-1
idx3523.png,-1
idx3524.png,-1
idx3525.png,-1
idx3526.png,-1
idx3527.png,-1
idx3528.png,-1
idx3529.png,-1
idx3530.png,-1
idx3531.png,-1
idx3532.png,-1
idx3533.png,-1
idx3534.png,-1
idx3535.png,-1
idx3536.png,-1
idx3537.png,-1
idx3538.png,-1
idx3539.png,-1
idx3540.png,-1
idx3541.png,-1
idx3542.png,-1
idx3543.png,-1
idx3544.png,-1
idx3545.png,-1
idx3546.png,-1
idx3547.png,-1
idx3548.png,-1
idx3549.png,-1
idx3550.png,-1
idx3551.png,-1
idx3552.png,-1
idx3553.png,-1
idx3554.png,-1
idx3555.png,-1
idx3556.png,-1
idx3557.png,-1
idx3558.png,-1
idx3559.png,-1
idx3560.png,-1
idx3561.png,-1
idx3562.png,-1
idx3563.png,-1
idx3564.png,-1
idx3565.png,-1
idx3566.png,-1
idx3567.png,-1
idx3568.png,-1
idx3569.png,-1
idx3570.png,-1
idx3571.png,-1
idx3572.png,-1
idx3573.png,-1
idx3574.png,-1
idx3575.png,-1
idx3576.png,-1
idx3577.png,-1
idx3578.png,-1
idx3579.png,-1
idx3580.png,-1
idx3581.png,-1
idx3582.png,-1
idx3583.png,-1
idx3584.png,-1
idx3585.png,-1
idx3586.png,-1
idx3587.png,-1
idx3588.png,-1
idx3589.png,-1
idx3590.png,-1
idx3591.png,-1
idx3592.png,-1
idx3593.png,-1
idx3594.png,-1
idx3595.png,-1
idx3596.png,-1
idx3597.png,-1
idx3598.png,-1
idx3599.png,-1
idx3600.png,-1
idx3601.png,-1
idx3602.png,-1
idx3603.png,-1
idx3604.png,-1
idx3605.png,-1
idx3606.png,-1
idx3607.png,-1
idx3608.png,-1
idx3609.png,-1
idx3610.png,-1
idx3611.png,-1
idx3612.png,-1
idx3613.png,-1
idx3614.png,-1
idx3615.png,-1
idx3616.png,-1
idx3617.png,-1
idx3618.png,-1
idx3619.png,-1
idx3620.png,-1
idx3621.png,-1
idx3622.png,-1
idx3623.png,-1
idx3624.png,-1
idx3625.png,-1
idx3626.png,-1
idx3627.png,-1
idx3628.png,-1
idx3629.png,-1
idx3630.png,-1
idx3631.png,-1
idx3632.png,-1
idx3633.png,-1
idx3634.png,-1
idx3635.png,-1
idx3636.png,-1
idx3637.png,-1
idx3638.png,-1
idx3639.png,-1
idx3640.png,-1
idx3641.png,-1
idx3642.png,-1
idx3643.png,-1
idx3644.png,-1
idx3645.png,-1
idx3646.png,-1
idx3647.png,-1
idx3648.png,-1
idx3649.png,-1
idx3650.png,-1
idx3651.png,-1
idx3652.png,-1
idx3653.png,-1
idx3654.png,-1
idx3655.png,-1
idx3656.png,-1
idx3657.png,-1
idx3658.png,-1
idx3659.png,-1
idx3660.png,-1
idx3661.png,-1
idx3662.png,-1
idx3663.png,-1
idx3664.png,-1
idx3665.png,-1
idx3666.png,-1
idx3667.png,-1
idx3668.png,-1
idx3669.png,-1
idx3670.png,-1
idx3671.png,-1
idx3672.png,-1
idx3673.png,-1
idx3674.png,-1
idx3675.png,-1
idx3676.png,-1
idx3677.png,-1
idx3678.png,-1
idx3679.png,-1
idx3680.png,-1
idx3681.png,-1
idx3682.png,-1
idx3683.png,-1
idx3684.png,-1
idx3685.png,-1
idx3686.png,-1
idx3687.png,-1
idx3688.png,-1
idx3689.png,-1
idx3690.png,-1
idx3691.png,-1
idx3692.png,-1
idx3693.png,-1
idx3694.png,-1
idx3695.png,-1
idx3696.png,-1
idx3697.png,-1
idx3698.png,-1
idx3699.png,-1
idx3700.png,-1
idx3701.png,-1
idx3702.png,-1
idx3703.png,-1
idx3704.png,-1
idx3705.png,-1
idx3706.png,-1
idx3707.png,-1
idx3708.png,-1
idx3709.png,-1
idx3710.png,-1
idx3711.png,-1
idx3712.png,-1
idx3713.png,-1
idx3714.png,-1
idx3715.png,-1
idx3716.png,-1
idx3717.png,-1
idx3718.png,-1
idx3719.png,-1
idx3720.png,-1
idx3721.png,-1
idx3722.png,-1
idx3723.png,-1
idx3724.png,-1
idx3725.png,-1
idx3726.png,-1
idx3727.png,-1
idx3728.png,-1
idx3729.png,-1
idx3730.png,-1
idx3731.png,-1
idx3732.png,-1
idx3733.png,-1
idx3734.png,-1
idx3735.png,-1
idx3736.png,-1
idx3737.png,-1
idx3738.png,-1
idx3739.png,-1
idx3740.png,-1
idx3741.png,-1
idx3742.png,-1
idx3743.png,-1
idx3744.png,-1
idx3745.png,-1
idx3746.png,-1
idx3747.png,-1
idx3748.png,-1
idx3749.png,-1
idx3750.png,-1
idx3751.png,-1
idx3752.png,-1
idx3753.png,-1
idx3754.png,-1
idx3755.png,-1
idx3756.png,-1
idx3757.png,-1
idx3758.png,-1
idx3759.png,-1
idx3760.png,-1
idx3761.png,-1
idx3762.png,-1
idx3763.png,-1
idx3764.png,-1
idx3765.png,-1
idx3766.png,-1
idx3767.png,-1
idx3768.png,-1
idx3769.png,-1
idx3770.png,-1
idx3771.png,-1
idx3772.png,-1
idx3773.png,-1
idx3774.png,-1
idx3775.png,-1
idx3776.png,-1
idx3777.png,-1
idx3778.png,-1
idx3779.png,-1
idx3780.png,-1
idx3781.png,-1
idx3782.png,-1
idx3783.png,-1
idx3784.png,-1
idx3785.png,-1
idx3786.png,-1
idx3787.png,-1
idx3788.png,-1
idx3789.png,-1
idx3790.png,-1
idx3791.png,-1
idx3792.png,-1
idx3793.png,-1
idx3794.png,-1
idx3795.png,-1
idx3796.png,-1
idx3797.png,-1
idx3798.png,-1
idx3799.png,-1
idx3800.png,-1
idx3801.png,-1
idx3802.png,-1
idx3803.png,-1
idx3804.png,-1
idx3805.png,-1
idx3806.png,-1
idx3807.png,-1
idx3808.png,-1
idx3809.png,-1
idx3810.png,-1
idx3811.png,-1
idx3812.png,-1
idx3813.png,-1
idx3814.png,-1
idx3815.png,-1
idx3816.png,-1
idx3817.png,-1
idx3818.png,-1
idx3819.png,-1
idx3820.png,-1
idx3821.png,-1
idx3822.png,-1
idx3823.png,-1
idx3824.png,-1
idx3825.png,-1
idx3826.png,-1
idx3827.png,-1
idx3828.png,-1
idx3829.png,-1
idx3830.png,-1
idx3831.png,-1
idx3832.png,-1
idx3833.png,-1
idx3834.png,-1
idx3835.png,-1
idx3836.png,-1
idx3837.png,-1
idx3838.png,-1
idx3839.png,-1
idx3840.png,-1
idx3841.png,-1
idx3842.png,-1
idx3843.png,-1
idx3844.png,-1
idx3845.png,-1
idx3846.png,-1
idx3847.png,-1
idx3848.png,-1
idx3849.png,-1
idx3850.png,-1
idx3851.png,-1
idx3852.png,-1
idx3853.png,-1
idx3854.png,-1
idx3855.png,-1
idx3856.png,-1
idx3857.png,-1
idx3858.png,-1
idx3859.png,-1
idx3860.png,-1
idx3861.png,-1
idx3862.png,-1
idx3863.png,-1
idx3864.png,-1
idx3865.png,-1
idx3866.png,-1
idx3867.png,-1
idx3868.png,-1
idx3869.png,-1
idx3870.png,-1
idx3871.png,-1
idx3872.png,-1
idx3873.png,-1
idx3874.png,-1
idx3875.png,-1
idx3876.png,-1
idx3877.png,-1
idx3878.png,-1
idx3879.png,-1
idx3880.png,-1
idx3881.png,-1
idx3882.png,-1
idx3883.png,-1
idx3884.png,-1
idx3885.png,-1
idx3886.png,-1
idx3887.png,-1
idx3888.png,-1
idx3889.png,-1
idx3890.png,-1
idx3891.png,-1
idx3892.png,-1
idx3893.png,-1
idx3894.png,-1
idx3895.png,-1
idx3896.png,-1
idx3897.png,-1
idx3898.png,-1
idx3899.png,-1
idx3900.png,-1
idx3901.png,-1
idx3902.png,-1
idx3903.png,-1
idx3904.png,-1
idx3905.png,-1
idx3906.png,-1
idx3907.png,-1
idx3908.png,-1
idx3909.png,-1
idx3910.png,-1
idx3911.png,-1
idx3912.png,-1
idx3913.png,-1
idx3914.png,-1
idx3915.png,-1
idx3916.png,-1
idx3917.png,-1
idx3918.png,-1
idx3919.png,-1
idx3920.png,-1
idx3921.png,-1
idx3922.png,-1
idx3923.png,-1
idx3924.png,-1
idx3925.png,-1
idx3926.png,-1
idx3927.png,-1
idx3928.png,-1
idx3929.png,-1
idx3930.png,-1
idx3931.png,-1
idx3932.png,-1
idx3933.png,-1
idx3934.png,-1
idx3935.png,-1
idx3936.png,-1
idx3937.png,-1
idx3938.png,-1
idx3939.png,-1
idx3940.png,-1
idx3941.png,-1
idx3942.png,-1
idx3943.png,-1
idx3944.png,-1
idx3945.png,-1
idx3946.png,-1
idx3947.png,-1
idx3948.png,-1
idx3949.png,-1
idx3950.png,-1
idx3951.png,-1
idx3952.png,-1
idx3953.png,-1
idx3954.png,-1
idx3955.png,-1
idx3956.png,-1
idx3957.png,-1
idx3958.png,-1
idx3959.png,-1
idx3960.png,-1
idx3961.png,-1
idx3962.png,-1
idx3963.png,-1
idx3964.png,-1
idx3965.png,-1
idx3966.png,-1
idx3967.png,-1
idx3968.png,-1
idx3969.png,-1
idx3970.png,-1
idx3971.png,-1
idx3972.png,-1
idx3973.png,-1
idx3974.png,-1
idx3975.png,-1
idx3976.png,-1
idx3977.png,-1
idx3978.png,-1
idx3979.png,-1
idx3980.png,-1
idx3981.png,-1
idx3982.png,-1
idx3983.png,-1
idx3984.png,-1
idx3985.png,-1
idx3986.png,-1
idx3987.png,-1
idx3988.png,-1
idx3989.png,-1
idx3990.png,-1
idx3991.png,-1
idx3992.png,-1
idx3993.png,-1
idx3994.png,-1
idx3995.png,-1
idx3996.png,-1
idx3997.png,-1
idx3998.png,-1
idx3999.png,-1
idx4000.png,-1
idx4001.png,-1
idx4002.png,-1
idx4003.png,-1
idx4004.png,-1
idx4005.png,-1
idx4006.png,-1
idx4007.png,-1
idx4008.png,-1
idx4009.png,-1
idx4010.png,-1
idx4011.png,-1
idx4012.png,-1
idx4013.png,-1
idx4014.png,-1
idx4015.png,-1
idx4016.png,-1
idx4017.png,-1
idx4018.png,-1
idx4019.png,-1
idx4020.png,-1
idx4021.png,-1
idx4022.png,-1
idx4023.png,-1
idx4024.png,-1
idx4025.png,-1
idx4026.png,-1
idx4027.png,-1
idx4028.png,-1
idx4029.png,-1
idx4030.png,-1
idx4031.png,-1
idx4032.png,-1
idx4033.png,-1
idx4034.png,-1
idx4035.png,-1
idx4036.png,-1
idx4037.png,-1
idx4038.png,-1
idx4039.png,-1
idx4040.png,-1
idx4041.png,-1
idx4042.png,-1
idx4043.png,-1
idx4044.png,-1
idx4045.png,-1
idx4046.png,-1
idx4047.png,-1
idx4048.png,-1
idx4049.png,-1
idx4050.png,-1
idx4051.png,-1
idx4052.png,-1
idx4053.png,-1
idx4054.png,-1
idx4055.png,-1
idx4056.png,-1
idx4057.png,-1
idx4058.png,-1
idx4059.png,-1
idx4060.png,-1
idx4061.png,-1
idx4062.png,-1
idx4063.png,-1
idx4064.png,-1
idx4065.png,-1
idx4066.png,-1
idx4067.png,-1
idx4068.png,-1
idx4069.png,-1
idx4070.png,-1
idx4071.png,-1
idx4072.png,-1
idx4073.png,-1
idx4074.png,-1
idx4075.png,-1
idx4076.png,-1
idx4077.png,-1
idx4078.png,-1
idx4079.png,-1
idx4080.png,-1
idx4081.png,-1
idx4082.png,-1
idx4083.png,-1
idx4084.png,-1
idx4085.png,-1
idx4086.png,-1
idx4087.png,-1
idx4088.png,-1
idx4089.png,-1
idx4090.png,-1
idx4091.png,-1
idx4092.png,-1
idx4093.png,-1
idx4094.png,-1
idx4095.png,-1
idx4096.png,-1
idx4097.png,-1
idx4098.png,-1
idx4099.png,-1
idx4100.png,-1
idx4101.png,-1
idx4102.png,-1
idx4103.png,-1
idx4104.png,-1
idx4105.png,-1
idx4106.png,-1
idx4107.png,-1
idx4108.png,-1
idx4109.png,-1
idx4110.png,-1
idx4111.png,-1
idx4112.png,-1
idx4113.png,-1
idx4114.png,-1
idx4115.png,-1
idx4116.png,-1
idx4117.png,-1
idx4118.png,-1
idx4119.png,-1
idx4120.png,-1
idx4121.png,-1
idx4122.png,-1
idx4123.png,-1
idx4124.png,-1
idx4125.png,-1
idx4126.png,-1
idx4127.png,-1
idx4128.png,-1
idx4129.png,-1
idx4130.png,-1
idx4131.png,-1
idx4132.png,-1
idx4133.png,-1
idx4134.png,-1
idx4135.png,-1
idx4136.png,-1
idx4137.png,-1
idx4138.png,-1
idx4139.png,-1
idx4140.png,-1
idx4141.png,-1
idx4142.png,-1
idx4143.png,-1
idx4144.png,-1
idx4145.png,-1
idx4146.png,-1
idx4147.png,-1
idx4148.png,-1
idx4149.png,-1
idx4150.png,-1
idx4151.png,-1
idx4152.png,-1
idx4153.png,-1
idx4154.png,-1
idx4155.png,-1
idx4156.png,-1
idx4157.png,-1
idx4158.png,-1
idx4159.png,-1
idx4160.png,-1
idx4161.png,-1
idx4162.png,-1
idx4163.png,-1
idx4164.png,-1
idx4165.png,-1
idx4166.png,-1
idx4167.png,-1
idx4168.png,-1
idx4169.png,-1
idx4170.png,-1
idx4171.png,-1
idx4172.png,-1
idx4173.png,-1
idx4174.png,-1
idx4175.png,-1
idx4176.png,-1
idx4177.png,-1
idx4178.png,-1
idx4179.png,-1
idx4180.png,-1
idx4181.png,-1
idx4182.png,-1
idx4183.png,-1
idx4184.png,-1
idx4185.png,-1
idx4186.png,-1
idx4187.png,-1
idx4188.png,-1
idx4189.png,-1
idx4190.png,-1
idx4191.png,-1
idx4192.png,-1
idx4193.png,-1
idx4194.png,-1
idx4195.png,-1
idx4196.png,-1
idx4197.png,-1
idx4198.png,-1
idx4199.png,-1
idx4200.png,-1
idx4201.png,-1
idx4202.png,-1
idx4203.png,-1
idx4204.png,-1
idx4205.png,-1
idx4206.png,-1
idx4207.png,-1
idx4208.png,-1
idx4209.png,-1
idx4210.png,-1
idx4211.png,-1
idx4212.png,-1
idx4213.png,-1
idx4214.png,-1
idx4215.png,-1
idx4216.png,-1
idx4217.png,-1
idx4218.png,-1
idx4219.png,-1
idx4220.png,-1
idx4221.png,-1
idx4222.png,-1
idx4223.png,-1
idx4224.png,-1
idx4225.png,-1
idx4226.png,-1
idx4227.png,-1
idx4228.png,-1
idx4229.png,-1
idx4230.png,-1
idx4231.png,-1
idx4232.png,-1
idx4233.png,-1
idx4234.png,-1
idx4235.png,-1
idx4236.png,-1
idx4237.png,-1
idx4238.png,-1
idx4239.png,-1
idx4240.png,-1
idx4241.png,-1
idx4242.png,-1
idx4243.png,-1
idx4244.png,-1
idx4245.png,-1
idx4246.png,-1
idx4247.png,-1
idx4248.png,-1
idx4249.png,-1
idx4250.png,-1
idx4251.png,-1
idx4252.png,-1
idx4253.png,-1
idx4254.png,-1
idx4255.png,-1
idx4256.png,-1
idx4257.png,-1
idx4258.png,-1
idx4259.png,-1
idx4260.png,-1
idx4261.png,-1
idx4262.png,-1
idx4263.png,-1
idx4264.png,-1
idx4265.png,-1
idx4266.png,-1
idx4267.png,-1
idx4268.png,-1
idx4269.png,-1
idx4270.png,-1
idx4271.png,-1
idx4272.png,-1
idx4273.png,-1
idx4274.png,-1
idx4275.png,-1
idx4276.png,-1
idx4277.png,-1
idx4278.png,-1
idx4279.png,-1
idx4280.png,-1
idx4281.png,-1
idx4282.png,-1
idx4283.png,-1
idx4284.png,-1
idx4285.png,-1
idx4286.png,-1
idx4287.png,-1
idx4288.png,-1
idx4289.png,-1
idx4290.png,-1
idx4291.png,-1
idx4292.png,-1
idx4293.png,-1
idx4294.png,-1
idx4295.png,-1
idx4296.png,-1
idx4297.png,-1
idx4298.png,-1
idx4299.png,-1
idx4300.png,-1
idx4301.png,-1
idx4302.png,-1
idx4303.png,-1
idx4304.png,-1
idx4305.png,-1
idx4306.png,-1
idx4307.png,-1
idx4308.png,-1
idx4309.png,-1
idx4310.png,-1
idx4311.png,-1
idx4312.png,-1
idx4313.png,-1
idx4314.png,-1
idx4315.png,-1
idx4316.png,-1
idx4317.png,-1
idx4318.png,-1
idx4319.png,-1
idx4320.png,-1
idx4321.png,-1
idx4322.png,-1
idx4323.png,-1
idx4324.png,-1
idx4325.png,-1
idx4326.png,-1
idx4327.png,-1
idx4328.png,-1
idx4329.png,-1
idx4330.png,-1
idx4331.png,-1
idx4332.png,-1
idx4333.png,-1
idx4334.png,-1
idx4335.png,-1
idx4336.png,-1
idx4337.png,-1
idx4338.png,-1
idx4339.png,-1
idx4340.png,-1
idx4341.png,-1
idx4342.png,-1
idx4343.png,-1
idx4344.png,-1
idx4345.png,-1
idx4346.png,-1
idx4347.png,-1
idx4348.png,-1
idx4349.png,-1
idx4350.png,-1
idx4351.png,-1
idx4352.png,-1
idx4353.png,-1
idx4354.png,-1
idx4355.png,-1
idx4356.png,-1
idx4357.png,-1
idx4358.png,-1
idx4359.png,-1
idx4360.png,-1
idx4361.png,-1
idx4362.png,-1
idx4363.png,-1
idx4364.png,-1
idx4365.png,-1
idx4366.png,-1
idx4367.png,-1
idx4368.png,-1
idx4369.png,-1
idx4370.png,-1
idx4371.png,-1
idx4372.png,-1
idx4373.png,-1
idx4374.png,-1
idx4375.png,-1
idx4376.png,-1
idx4377.png,-1
idx4378.png,-1
idx4379.png,-1
idx4380.png,-1
idx4381.png,-1
idx4382.png,-1
idx4383.png,-1
idx4384.png,-1
idx4385.png,-1
idx4386.png,-1
idx4387.png,-1
idx4388.png,-1
idx4389.png,-1
idx4390.png,-1
idx4391.png,-1
idx4392.png,-1
idx4393.png,-1
idx4394.png,-1
idx4395.png,-1
idx4396.png,-1
idx4397.png,-1
idx4398.png,-1
idx4399.png,-1
idx4400.png,-1
idx4401.png,-1
idx4402.png,-1
idx4403.png,-1
idx4404.png,-1
idx4405.png,-1
idx4406.png,-1
idx4407.png,-1
idx4408.png,-1
idx4409.png,-1
idx4410.png,-1
idx4411.png,-1
idx4412.png,-1
idx4413.png,-1
idx4414.png,-1
idx4415.png,-1
idx4416.png,-1
idx4417.png,-1
idx4418.png,-1
idx4419.png,-1
idx4420.png,-1
idx4421.png,-1
idx4422.png,-1
idx4423.png,-1
idx4424.png,-1
idx4425.png,-1
idx4426.png,-1
idx4427.png,-1
idx4428.png,-1
idx4429.png,-1
idx4430.png,-1
idx4431.png,-1
idx4432.png,-1
idx4433.png,-1
idx4434.png,-1
idx4435.png,-1
idx4436.png,-1
idx4437.png,-1
idx4438.png,-1
idx4439.png,-1
idx4440.png,-1
idx4441.png,-1
idx4442.png,-1
idx4443.png,-1
idx4444.png,-1
idx4445.png,-1
idx4446.png,-1
idx4447.png,-1
idx4448.png,-1
idx4449.png,-1
idx4450.png,-1
idx4451.png,-1
idx4452.png,-1
idx4453.png,-1
idx4454.png,-1
idx4455.png,-1
idx4456.png,-1
idx4457.png,-1
idx4458.png,-1
idx4459.png,-1
idx4460.png,-1
idx4461.png,-1
idx4462.png,-1
idx4463.png,-1
idx4464.png,-1
idx4465.png,-1
idx4466.png,-1
idx4467.png,-1
idx4468.png,-1
idx4469.png,-1
idx4470.png,-1
idx4471.png,-1
idx4472.png,-1
idx4473.png,-1
idx4474.png,-1
idx4475.png,-1
idx4476.png,-1
idx4477.png,-1
idx4478.png,-1
idx4479.png,-1
idx4480.png,-1
idx4481.png,-1
idx4482.png,-1
idx4483.png,-1
idx4484.png,-1
idx4485.png,-1
idx4486.png,-1
idx4487.png,-1
idx4488.png,-1
idx4489.png,-1
idx4490.png,-1
idx4491.png,-1
idx4492.png,-1
idx4493.png,-1
idx4494.png,-1
idx4495.png,-1
idx4496.png,-1
idx4497.png,-1
idx4498.png,-1
idx4499.png,-1
idx4500.png,-1
idx4501.png,-1
idx4502.png,-1
idx4503.png,-1
idx4504.png,-1
idx4505.png,-1
idx4506.png,-1
idx4507.png,-1
idx4508.png,-1
idx4509.png,-1
idx4510.png,-1
idx4511.png,-1
idx4512.png,-1
idx4513.png,-1
idx4514.png,-1
idx4515.png,-1
idx4516.png,-1
idx4517.png,-1
idx4518.png,-1
idx4519.png,-1
idx4520.png,-1
idx4521.png,-1
idx4522.png,-1
idx4523.png,-1
idx4524.png,-1
idx4525.png,-1
idx4526.png,-1
idx4527.png,-1
idx4528.png,-1
idx4529.png,-1
idx4530.png,-1
idx4531.png,-1
idx4532.png,-1
idx4533.png,-1
idx4534.png,-1
idx4535.png,-1
idx4536.png,-1
idx4537.png,-1
idx4538.png,-1
idx4539.png,-1
idx4540.png,-1
idx4541.png,-1
idx4542.png,-1
idx4543.png,-1
idx4544.png,-1
idx4545.png,-1
idx4546.png,-1
idx4547.png,-1
idx4548.png,-1
idx4549.png,-1
idx4550.png,-1
idx4551.png,-1
idx4552.png,-1
idx4553.png,-1
idx4554.png,-1
idx4555.png,-1
idx4556.png,-1
idx4557.png,-1
idx4558.png,-1
idx4559.png,-1
idx4560.png,-1
idx4561.png,-1
idx4562.png,-1
idx4563.png,-1
idx4564.png,-1
idx4565.png,-1
idx4566.png,-1
idx4567.png,-1
idx4568.png,-1
idx4569.png,-1
idx4570.png,-1
idx4571.png,-1
idx4572.png,-1
idx4573.png,-1
idx4574.png,-1
idx4575.png,-1
idx4576.png,-1
idx4577.png,-1
idx4578.png,-1
idx4579.png,-1
idx4580.png,-1
idx4581.png,-1
idx4582.png,-1
idx4583.png,-1
idx4584.png,-1
idx4585.png,-1
idx4586.png,-1
idx4587.png,-1
idx4588.png,-1
idx4589.png,-1
idx4590.png,-1
idx4591.png,-1
idx4592.png,-1
idx4593.png,-1
idx4594.png,-1
idx4595.png,-1
idx4596.png,-1
idx4597.png,-1
idx4598.png,-1
idx4599.png,-1
idx4600.png,-1
idx4601.png,-1
idx4602.png,-1
idx4603.png,-1
idx4604.png,-1
idx4605.png,-1
idx4606.png,-1
idx4607.png,-1
idx4608.png,-1
idx4609.png,-1
idx4610.png,-1
idx4611.png,-1
idx4612.png,-1
idx4613.png,-1
idx4614.png,-1
idx4615.png,-1
idx4616.png,-1
idx4617.png,-1
idx4618.png,-1
idx4619.png,-1
idx4620.png,-1
idx4621.png,-1
idx4622.png,-1
idx4623.png,-1
idx4624.png,-1
idx4625.png,-1
idx4626.png,-1
idx4627.png,-1
idx4628.png,-1
idx4629.png,-1
idx4630.png,-1
idx4631.png,-1
idx4632.png,-1
idx4633.png,-1
idx4634.png,-1
idx4635.png,-1
idx4636.png,-1
idx4637.png,-1
idx4638.png,-1
idx4639.png,-1
idx4640.png,-1
idx4641.png,-1
idx4642.png,-1
idx4643.png,-1
idx4644.png,-1
idx4645.png,-1
idx4646.png,-1
idx4647.png,-1
idx4648.png,-1
idx4649.png,-1
idx4650.png,-1
idx4651.png,-1
idx4652.png,-1
idx4653.png,-1
idx4654.png,-1
idx4655.png,-1
idx4656.png,-1
idx4657.png,-1
idx4658.png,-1
idx4659.png,-1
idx4660.png,-1
idx4661.png,-1
idx4662.png,-1
idx4663.png,-1
idx4664.png,-1
idx4665.png,-1
idx4666.png,-1
idx4667.png,-1
idx4668.png,-1
idx4669.png,-1
idx4670.png,-1
idx4671.png,-1
idx4672.png,-1
idx4673.png,-1
idx4674.png,-1
idx4675.png,-1
idx4676.png,-1
idx4677.png,-1
idx4678.png,-1
idx4679.png,-1
idx4680.png,-1
idx4681.png,-1
idx4682.png,-1
idx4683.png,-1
idx4684.png,-1
idx4685.png,-1
idx4686.png,-1
idx4687.png,-1
idx4688.png,-1
idx4689.png,-1
idx4690.png,-1
idx4691.png,-1
idx4692.png,-1
idx4693.png,-1
idx4694.png,-1
idx4695.png,-1
idx4696.png,-1
idx4697.png,-1
idx4698.png,-1
idx4699.png,-1
idx4700.png,-1
idx4701.png,-1
idx4702.png,-1
idx4703.png,-1
idx4704.png,-1
idx4705.png,-1
idx4706.png,-1
idx4707.png,-1
idx4708.png,-1
idx4709.png,-1
idx4710.png,-1
idx4711.png,-1
idx4712.png,-1
idx4713.png,-1
idx4714.png,-1
idx4715.png,-1
idx4716.png,-1
idx4717.png,-1
idx4718.png,-1
idx4719.png,-1
idx4720.png,-1
idx4721.png,-1
idx4722.png,-1
idx4723.png,-1
idx4724.png,-1
idx4725.png,-1
idx4726.png,-1
idx4727.png,-1
idx4728.png,-1
idx4729.png,-1
idx4730.png,-1
idx4731.png,-1
idx4732.png,-1
idx4733.png,-1
idx4734.png,-1
idx4735.png,-1
idx4736.png,-1
idx4737.png,-1
idx4738.png,-1
idx4739.png,-1
idx4740.png,-1
idx4741.png,-1
idx4742.png,-1
idx4743.png,-1
idx4744.png,-1
idx4745.png,-1
idx4746.png,-1
idx4747.png,-1
idx4748.png,-1
idx4749.png,-1
idx4750.png,-1
idx4751.png,-1
idx4752.png,-1
idx4753.png,-1
idx4754.png,-1
idx4755.png,-1
idx4756.png,-1
idx4757.png,-1
idx4758.png,-1
idx4759.png,-1
idx4760.png,-1
idx4761.png,-1
idx4762.png,-1
idx4763.png,-1
idx4764.png,-1
idx4765.png,-1
idx4766.png,-1
idx4767.png,-1
idx4768.png,-1
idx4769.png,-1
idx4770.png,-1
idx4771.png,-1
idx4772.png,-1
idx4773.png,-1
idx4774.png,-1
idx4775.png,-1
idx4776.png,-1
idx4777.png,-1
idx4778.png,-1
idx4779.png,-1
idx4780.png,-1
idx4781.png,-1
idx4782.png,-1
idx4783.png,-1
idx4784.png,-1
idx4785.png,-1
idx4786.png,-1
idx4787.png,-1
idx4788.png,-1
idx4789.png,-1
idx4790.png,-1
idx4791.png,-1
idx4792.png,-1
idx4793.png,-1
idx4794.png,-1
idx4795.png,-1
idx4796.png,-1
idx4797.png,-1
idx4798.png,-1
idx4799.png,-1
idx4800.png,-1
idx4801.png,-1
idx4802.png,-1
idx4803.png,-1
idx4804.png,-1
idx4805.png,-1
idx4806.png,-1
idx4807.png,-1
idx4808.png,-1
idx4809.png,-1
idx4810.png,-1
idx4811.png,-1
idx4812.png,-1
idx4813.png,-1
idx4814.png,-1
idx4815.png,-1
idx4816.png,-1
idx4817.png,-1
idx4818.png,-1
idx4819.png,-1
idx4820.png,-1
idx4821.png,-1
idx4822.png,-1
idx4823.png,-1
idx4824.png,-1
idx4825.png,-1
idx4826.png,-1
idx4827.png,-1
idx4828.png,-1
idx4829.png,-1
idx4830.png,-1
idx4831.png,-1
idx4832.png,-1
idx4833.png,-1
idx4834.png,-1
idx4835.png,-1
idx4836.png,-1
idx4837.png,-1
idx4838.png,-1
idx4839.png,-1
idx4840.png,-1
idx4841.png,-1
idx4842.png,-1
idx4843.png,-1
idx4844.png,-1
idx4845.png,-1
idx4846.png,-1
idx4847.png,-1
idx4848.png,-1
idx4849.png,-1
idx4850.png,-1
idx4851.png,-1
idx4852.png,-1
idx4853.png,-1
idx4854.png,-1
idx4855.png,-1
idx4856.png,-1
idx4857.png,-1
idx4858.png,-1
idx4859.png,-1
idx4860.png,-1
idx4861.png,-1
idx4862.png,-1
idx4863.png,-1
idx4864.png,-1
idx4865.png,-1
idx4866.png,-1
idx4867.png,-1
idx4868.png,-1
idx4869.png,-1
idx4870.png,-1
idx4871.png,-1
idx4872.png,-1
idx4873.png,-1
idx4874.png,-1
idx4875.png,-1
idx4876.png,-1
idx4877.png,-1
idx4878.png,-1
idx4879.png,-1
idx4880.png,-1
idx4881.png,-1
idx4882.png,-1
idx4883.png,-1
idx4884.png,-1
idx4885.png,-1
idx4886.png,-1
idx4887.png,-1
idx4888.png,-1
idx4889.png,-1
idx4890.png,-1
idx4891.png,-1
idx4892.png,-1
idx4893.png,-1
idx4894.png,-1
idx4895.png,-1
idx4896.png,-1
idx4897.png,-1
idx4898.png,-1
idx4899.png,-1
idx4900.png,-1
idx4901.png,-1
idx4902.png,-1
idx4903.png,-1
idx4904.png,-1
idx4905.png,-1
idx4906.png,-1
idx4907.png,-1
idx4908.png,-1
idx4909.png,-1
idx4910.png,-1
idx4911.png,-1
idx4912.png,-1
idx4913.png,-1
idx4914.png,-1
idx4915.png,-1
idx4916.png,-1
idx4917.png,-1
idx4918.png,-1
idx4919.png,-1
idx4920.png,-1
idx4921.png,-1
idx4922.png,-1
idx4923.png,-1
idx4924.png,-1
idx4925.png,-1
idx4926.png,-1
idx4927.png,-1
idx4928.png,-1
idx4929.png,-1
idx4930.png,-1
idx4931.png,-1
idx4932.png,-1
idx4933.png,-1
idx4934.png,-1
idx4935.png,-1
idx4936.png,-1
idx4937.png,-1
idx4938.png,-1
idx4939.png,-1
idx4940.png,-1
idx4941.png,-1
idx4942.png,-1
idx4943.png,-1
idx4944.png,-1
idx4945.png,-1
idx4946.png,-1
idx4947.png,-1
idx4948.png,-1
idx4949.png,-1
idx4950.png,-1
idx4951.png,-1
idx4952.png,-1
idx4953.png,-1
idx4954.png,-1
idx4955.png,-1
idx4956.png,-1
idx4957.png,-1
idx4958.png,-1
idx4959.png,-1
idx4960.png,-1
idx4961.png,-1
idx4962.png,-1
idx4963.png,-1
idx4964.png,-1
idx4965.png,-1
idx4966.png,-1
idx4967.png,-1
idx4968.png,-1
idx4969.png,-1
idx4970.png,-1
idx4971.png,-1
idx4972.png,-1
idx4973.png,-1
idx4974.png,-1
idx4975.png,-1
idx4976.png,-1
idx4977.png,-1
idx4978.png,-1
idx4979.png,-1
idx4980.png,-1
idx4981.png,-1
idx4982.png,-1
idx4983.png,-1
idx4984.png,-1
idx4985.png,-1
idx4986.png,-1
idx4987.png,-1
idx4988.png,-1
idx4989.png,-1
idx4990.png,-1
idx4991.png,-1
idx4992.png,-1
idx4993.png,-1
idx4994.png,-1
idx4995.png,-1
idx4996.png,-1
idx4997.png,-1
idx4998.png,-1
idx4999.png,-1
idx5000.png,-1
