filen_name,label
train0001.png,8
train0002.png,8
train0003.png,8
train0004.png,8
train0005.png,8
train0006.png,8
train0007.png,8
train0008.png,8
train0009.png,8
train0010.png,8
train0011.png,9
train0012.png,8
train0013.png,9
train0014.png,9
train0015.png,8
train0016.png,8
train0017.png,9
train0018.png,9
train0019.png,9
train0020.png,8
train0021.png,8
train0022.png,8
train0023.png,9
train0024.png,9
train0025.png,8
train0026.png,9
train0027.png,9
train0028.png,9
train0029.png,8
train0030.png,8
train0031.png,9
train0032.png,9
train0033.png,8
train0034.png,8
train0035.png,8
train0036.png,8
train0037.png,8
train0038.png,8
train0039.png,8
train0040.png,8
train0041.png,9
train0042.png,8
train0043.png,9
train0044.png,8
train0045.png,9
train0046.png,9
train0047.png,8
train0048.png,8
train0049.png,9
train0050.png,8
train0051.png,8
train0052.png,8
train0053.png,8
train0054.png,9
train0055.png,9
train0056.png,9
train0057.png,9
train0058.png,9
train0059.png,9
train0060.png,9
train0061.png,8
train0062.png,8
train0063.png,9
train0064.png,9
train0065.png,8
train0066.png,9
train0067.png,8
train0068.png,8
train0069.png,8
train0070.png,9
train0071.png,9
train0072.png,9
train0073.png,9
train0074.png,8
train0075.png,9
train0076.png,9
train0077.png,9
train0078.png,9
train0079.png,9
train0080.png,9
train0081.png,9
train0082.png,9
train0083.png,9
train0084.png,8
train0085.png,8
train0086.png,9
train0087.png,9
train0088.png,9
train0089.png,9
train0090.png,9
train0091.png,8
train0092.png,8
train0093.png,9
train0094.png,8
train0095.png,8
train0096.png,9
train0097.png,9
train0098.png,8
train0099.png,8
train0100.png,8
train0101.png,9
train0102.png,8
train0103.png,8
train0104.png,9
train0105.png,8
train0106.png,8
train0107.png,9
train0108.png,9
train0109.png,9
train0110.png,9
train0111.png,8
train0112.png,8
train0113.png,9
train0114.png,8
train0115.png,8
train0116.png,9
train0117.png,8
train0118.png,9
train0119.png,9
train0120.png,8
train0121.png,8
train0122.png,9
train0123.png,8
train0124.png,9
train0125.png,9
train0126.png,8
train0127.png,9
train0128.png,8
train0129.png,8
train0130.png,8
train0131.png,8
train0132.png,8
train0133.png,9
train0134.png,9
train0135.png,8
train0136.png,9
train0137.png,8
train0138.png,8
train0139.png,8
train0140.png,9
train0141.png,9
train0142.png,8
train0143.png,8
train0144.png,9
train0145.png,8
train0146.png,8
train0147.png,8
train0148.png,9
train0149.png,9
train0150.png,8
train0151.png,8
train0152.png,8
train0153.png,8
train0154.png,8
train0155.png,9
train0156.png,8
train0157.png,8
train0158.png,8
train0159.png,8
train0160.png,9
train0161.png,9
train0162.png,9
train0163.png,9
train0164.png,8
train0165.png,9
train0166.png,9
train0167.png,9
train0168.png,9
train0169.png,9
train0170.png,9
train0171.png,9
train0172.png,8
train0173.png,8
train0174.png,9
train0175.png,8
train0176.png,9
train0177.png,9
train0178.png,9
train0179.png,9
train0180.png,9
train0181.png,9
train0182.png,9
train0183.png,9
train0184.png,8
train0185.png,9
train0186.png,8
train0187.png,9
train0188.png,9
train0189.png,9
train0190.png,9
train0191.png,9
train0192.png,8
train0193.png,8
train0194.png,9
train0195.png,8
train0196.png,8
train0197.png,9
train0198.png,8
train0199.png,9
train0200.png,8
train0201.png,9
train0202.png,9
train0203.png,9
train0204.png,2
train0205.png,8
train0206.png,2
train0207.png,8
train0208.png,2
train0209.png,8
train0210.png,8
train0211.png,8
train0212.png,9
train0213.png,8
train0214.png,9
train0215.png,8
train0216.png,2
train0217.png,8
train0218.png,8
train0219.png,2
train0220.png,8
train0221.png,9
train0222.png,2
train0223.png,7
train0224.png,9
train0225.png,7
train0226.png,2
train0227.png,2
train0228.png,8
train0229.png,8
train0230.png,8
train0231.png,7
train0232.png,8
train0233.png,8
train0234.png,7
train0235.png,9
train0236.png,7
train0237.png,8
train0238.png,8
train0239.png,9
train0240.png,2
train0241.png,9
train0242.png,7
train0243.png,9
train0244.png,2
train0245.png,7
train0246.png,8
train0247.png,9
train0248.png,7
train0249.png,2
train0250.png,2
train0251.png,2
train0252.png,8
train0253.png,7
train0254.png,7
train0255.png,2
train0256.png,8
train0257.png,9
train0258.png,9
train0259.png,2
train0260.png,3
train0261.png,3
train0262.png,7
train0263.png,2
train0264.png,8
train0265.png,8
train0266.png,9
train0267.png,3
train0268.png,2
train0269.png,2
train0270.png,2
train0271.png,7
train0272.png,7
train0273.png,2
train0274.png,2
train0275.png,3
train0276.png,9
train0277.png,7
train0278.png,8
train0279.png,7
train0280.png,8
train0281.png,8
train0282.png,2
train0283.png,2
train0284.png,7
train0285.png,9
train0286.png,2
train0287.png,7
train0288.png,3
train0289.png,9
train0290.png,9
train0291.png,3
train0292.png,9
train0293.png,7
train0294.png,8
train0295.png,9
train0296.png,8
train0297.png,7
train0298.png,8
train0299.png,8
train0300.png,7
train0301.png,9
train0302.png,9
train0303.png,3
train0304.png,9
train0305.png,8
train0306.png,3
train0307.png,3
train0308.png,2
train0309.png,9
train0310.png,7
train0311.png,2
train0312.png,9
train0313.png,2
train0314.png,9
train0315.png,3
train0316.png,7
train0317.png,3
train0318.png,7
train0319.png,3
train0320.png,3
train0321.png,2
train0322.png,9
train0323.png,8
train0324.png,3
train0325.png,2
train0326.png,7
train0327.png,8
train0328.png,9
train0329.png,2
train0330.png,3
train0331.png,8
train0332.png,7
train0333.png,2
train0334.png,9
train0335.png,9
train0336.png,9
train0337.png,9
train0338.png,8
train0339.png,9
train0340.png,8
train0341.png,8
train0342.png,8
train0343.png,7
train0344.png,9
train0345.png,9
train0346.png,7
train0347.png,3
train0348.png,2
train0349.png,2
train0350.png,3
train0351.png,3
train0352.png,2
train0353.png,7
train0354.png,9
train0355.png,8
train0356.png,9
train0357.png,7
train0358.png,8
train0359.png,9
train0360.png,3
train0361.png,3
train0362.png,2
train0363.png,8
train0364.png,8
train0365.png,9
train0366.png,7
train0367.png,3
train0368.png,7
train0369.png,8
train0370.png,2
train0371.png,3
train0372.png,2
train0373.png,9
train0374.png,8
train0375.png,7
train0376.png,2
train0377.png,9
train0378.png,7
train0379.png,2
train0380.png,2
train0381.png,9
train0382.png,2
train0383.png,8
train0384.png,8
train0385.png,7
train0386.png,8
train0387.png,3
train0388.png,8
train0389.png,2
train0390.png,9
train0391.png,2
train0392.png,3
train0393.png,8
train0394.png,9
train0395.png,7
train0396.png,8
train0397.png,2
train0398.png,9
train0399.png,2
train0400.png,2
train0401.png,3
train0402.png,8
train0403.png,3
train0404.png,9
train0405.png,9
train0406.png,3
train0407.png,9
train0408.png,7
train0409.png,3
train0410.png,2
train0411.png,9
train0412.png,2
train0413.png,8
train0414.png,9
train0415.png,7
train0416.png,7
train0417.png,7
train0418.png,8
train0419.png,7
train0420.png,2
train0421.png,7
train0422.png,9
train0423.png,7
train0424.png,2
train0425.png,9
train0426.png,2
train0427.png,3
train0428.png,9
train0429.png,2
train0430.png,2
train0431.png,7
train0432.png,3
train0433.png,7
train0434.png,7
train0435.png,7
train0436.png,2
train0437.png,8
train0438.png,7
train0439.png,9
train0440.png,9
train0441.png,7
train0442.png,7
train0443.png,2
train0444.png,8
train0445.png,9
train0446.png,8
train0447.png,2
train0448.png,7
train0449.png,2
train0450.png,7
train0451.png,3
train0452.png,2
train0453.png,3
train0454.png,7
train0455.png,3
train0456.png,3
train0457.png,8
train0458.png,2
train0459.png,9
train0460.png,3
train0461.png,7
train0462.png,3
train0463.png,3
train0464.png,3
train0465.png,7
train0466.png,2
train0467.png,7
train0468.png,9
train0469.png,8
train0470.png,2
train0471.png,2
train0472.png,7
train0473.png,9
train0474.png,3
train0475.png,8
train0476.png,8
train0477.png,7
train0478.png,2
train0479.png,3
train0480.png,8
train0481.png,8
train0482.png,2
train0483.png,2
train0484.png,2
train0485.png,2
train0486.png,2
train0487.png,2
train0488.png,2
train0489.png,7
train0490.png,2
train0491.png,7
train0492.png,8
train0493.png,8
train0494.png,9
train0495.png,9
train0496.png,3
train0497.png,8
train0498.png,8
train0499.png,7
train0500.png,2
train0501.png,8
train0502.png,9
train0503.png,7
train0504.png,7
train0505.png,7
train0506.png,9
train0507.png,2
train0508.png,3
train0509.png,7
train0510.png,7
train0511.png,7
train0512.png,7
train0513.png,8
train0514.png,3
train0515.png,8
train0516.png,2
train0517.png,7
train0518.png,3
train0519.png,8
train0520.png,7
train0521.png,3
train0522.png,3
train0523.png,3
train0524.png,9
train0525.png,7
train0526.png,7
train0527.png,3
train0528.png,8
train0529.png,9
train0530.png,3
train0531.png,7
train0532.png,7
train0533.png,3
train0534.png,7
train0535.png,7
train0536.png,7
train0537.png,3
train0538.png,2
train0539.png,9
train0540.png,8
train0541.png,3
train0542.png,8
train0543.png,3
train0544.png,8
train0545.png,9
train0546.png,2
train0547.png,3
train0548.png,2
train0549.png,7
train0550.png,7
train0551.png,2
train0552.png,7
train0553.png,7
train0554.png,2
train0555.png,2
train0556.png,7
train0557.png,8
train0558.png,8
train0559.png,7
train0560.png,9
train0561.png,7
train0562.png,3
train0563.png,3
train0564.png,7
train0565.png,7
train0566.png,2
train0567.png,3
train0568.png,8
train0569.png,9
train0570.png,8
train0571.png,8
train0572.png,3
train0573.png,3
train0574.png,9
train0575.png,2
train0576.png,3
train0577.png,9
train0578.png,7
train0579.png,8
train0580.png,9
train0581.png,2
train0582.png,9
train0583.png,3
train0584.png,2
train0585.png,7
train0586.png,8
train0587.png,2
train0588.png,7
train0589.png,3
train0590.png,2
train0591.png,9
train0592.png,2
train0593.png,8
train0594.png,3
train0595.png,8
train0596.png,3
train0597.png,7
train0598.png,7
train0599.png,8
train0600.png,2
train0601.png,2
train0602.png,7
train0603.png,9
train0604.png,3
train0605.png,3
train0606.png,3
train0607.png,3
train0608.png,8
train0609.png,7
train0610.png,7
train0611.png,3
train0612.png,9
train0613.png,8
train0614.png,8
train0615.png,2
train0616.png,9
train0617.png,3
train0618.png,9
train0619.png,9
train0620.png,3
train0621.png,9
train0622.png,9
train0623.png,2
train0624.png,7
train0625.png,9
train0626.png,3
train0627.png,4
train0628.png,2
train0629.png,7
train0630.png,7
train0631.png,2
train0632.png,2
train0633.png,9
train0634.png,4
train0635.png,9
train0636.png,2
train0637.png,3
train0638.png,3
train0639.png,2
train0640.png,8
train0641.png,9
train0642.png,3
train0643.png,2
train0644.png,3
train0645.png,8
train0646.png,3
train0647.png,4
train0648.png,4
train0649.png,2
train0650.png,2
train0651.png,3
train0652.png,4
train0653.png,2
train0654.png,9
train0655.png,9
train0656.png,7
train0657.png,9
train0658.png,4
train0659.png,2
train0660.png,9
train0661.png,2
train0662.png,3
train0663.png,9
train0664.png,9
train0665.png,7
train0666.png,7
train0667.png,8
train0668.png,9
train0669.png,8
train0670.png,3
train0671.png,2
train0672.png,9
train0673.png,7
train0674.png,3
train0675.png,2
train0676.png,8
train0677.png,5
train0678.png,8
train0679.png,9
train0680.png,9
train0681.png,9
train0682.png,8
train0683.png,2
train0684.png,3
train0685.png,8
train0686.png,3
train0687.png,4
train0688.png,9
train0689.png,2
train0690.png,4
train0691.png,8
train0692.png,8
train0693.png,3
train0694.png,4
train0695.png,4
train0696.png,7
train0697.png,2
train0698.png,7
train0699.png,4
train0700.png,2
train0701.png,5
train0702.png,9
train0703.png,5
train0704.png,5
train0705.png,9
train0706.png,8
train0707.png,7
train0708.png,7
train0709.png,5
train0710.png,5
train0711.png,7
train0712.png,8
train0713.png,9
train0714.png,7
train0715.png,5
train0716.png,2
train0717.png,7
train0718.png,7
train0719.png,8
train0720.png,5
train0721.png,4
train0722.png,4
train0723.png,8
train0724.png,9
train0725.png,2
train0726.png,3
train0727.png,9
train0728.png,7
train0729.png,5
train0730.png,9
train0731.png,3
train0732.png,7
train0733.png,5
train0734.png,8
train0735.png,9
train0736.png,2
train0737.png,4
train0738.png,3
train0739.png,8
train0740.png,7
train0741.png,8
train0742.png,4
train0743.png,7
train0744.png,3
train0745.png,9
train0746.png,9
train0747.png,3
train0748.png,2
train0749.png,3
train0750.png,9
train0751.png,8
train0752.png,9
train0753.png,4
train0754.png,9
train0755.png,3
train0756.png,5
train0757.png,8
train0758.png,7
train0759.png,2
train0760.png,2
train0761.png,4
train0762.png,3
train0763.png,3
train0764.png,5
train0765.png,9
train0766.png,8
train0767.png,5
train0768.png,2
train0769.png,2
train0770.png,9
train0771.png,7
train0772.png,7
train0773.png,2
train0774.png,3
train0775.png,9
train0776.png,8
train0777.png,2
train0778.png,4
train0779.png,2
train0780.png,8
train0781.png,3
train0782.png,3
train0783.png,8
train0784.png,3
train0785.png,2
train0786.png,9
train0787.png,5
train0788.png,2
train0789.png,5
train0790.png,7
train0791.png,7
train0792.png,4
train0793.png,5
train0794.png,5
train0795.png,9
train0796.png,4
train0797.png,7
train0798.png,8
train0799.png,5
train0800.png,7
train0801.png,9
train0802.png,5
train0803.png,4
train0804.png,2
train0805.png,5
train0806.png,8
train0807.png,9
train0808.png,4
train0809.png,2
train0810.png,7
train0811.png,4
train0812.png,2
train0813.png,7
train0814.png,7
train0815.png,3
train0816.png,3
train0817.png,4
train0818.png,4
train0819.png,3
train0820.png,5
train0821.png,3
train0822.png,4
train0823.png,5
train0824.png,4
train0825.png,7
train0826.png,3
train0827.png,2
train0828.png,9
train0829.png,3
train0830.png,2
train0831.png,5
train0832.png,8
train0833.png,7
train0834.png,5
train0835.png,5
train0836.png,2
train0837.png,8
train0838.png,8
train0839.png,2
train0840.png,5
train0841.png,9
train0842.png,4
train0843.png,4
train0844.png,9
train0845.png,5
train0846.png,4
train0847.png,7
train0848.png,9
train0849.png,3
train0850.png,3
train0851.png,9
train0852.png,4
train0853.png,8
train0854.png,3
train0855.png,3
train0856.png,3
train0857.png,2
train0858.png,9
train0859.png,2
train0860.png,2
train0861.png,4
train0862.png,8
train0863.png,7
train0864.png,3
train0865.png,3
train0866.png,4
train0867.png,4
train0868.png,4
train0869.png,9
train0870.png,7
train0871.png,2
train0872.png,2
train0873.png,2
train0874.png,9
train0875.png,7
train0876.png,7
train0877.png,7
train0878.png,4
train0879.png,2
train0880.png,5
train0881.png,8
train0882.png,4
train0883.png,3
train0884.png,8
train0885.png,5
train0886.png,7
train0887.png,7
train0888.png,9
train0889.png,2
train0890.png,7
train0891.png,8
train0892.png,4
train0893.png,9
train0894.png,9
train0895.png,5
train0896.png,4
train0897.png,8
train0898.png,5
train0899.png,9
train0900.png,2
train0901.png,8
train0902.png,4
train0903.png,4
train0904.png,3
train0905.png,8
train0906.png,5
train0907.png,2
train0908.png,4
train0909.png,4
train0910.png,4
train0911.png,5
train0912.png,5
train0913.png,3
train0914.png,2
train0915.png,8
train0916.png,2
train0917.png,2
train0918.png,9
train0919.png,8
train0920.png,3
train0921.png,9
train0922.png,4
train0923.png,9
train0924.png,4
train0925.png,3
train0926.png,5
train0927.png,2
train0928.png,9
train0929.png,9
train0930.png,4
train0931.png,4
train0932.png,7
train0933.png,8
train0934.png,4
train0935.png,4
train0936.png,3
train0937.png,9
train0938.png,5
train0939.png,5
train0940.png,8
train0941.png,4
train0942.png,4
train0943.png,7
train0944.png,7
train0945.png,9
train0946.png,2
train0947.png,5
train0948.png,3
train0949.png,4
train0950.png,3
train0951.png,4
train0952.png,4
train0953.png,3
train0954.png,9
train0955.png,8
train0956.png,4
train0957.png,8
train0958.png,7
train0959.png,7
train0960.png,7
train0961.png,4
train0962.png,7
train0963.png,2
train0964.png,8
train0965.png,4
train0966.png,4
train0967.png,7
train0968.png,5
train0969.png,8
train0970.png,4
train0971.png,7
train0972.png,2
train0973.png,0
train0974.png,4
train0975.png,4
train0976.png,0
train0977.png,8
train0978.png,9
train0979.png,7
train0980.png,0
train0981.png,9
train0982.png,8
train0983.png,2
train0984.png,3
train0985.png,4
train0986.png,9
train0987.png,2
train0988.png,9
train0989.png,7
train0990.png,0
train0991.png,0
train0992.png,3
train0993.png,7
train0994.png,4
train0995.png,9
train0996.png,0
train0997.png,2
train0998.png,4
train0999.png,2
train1000.png,2
train1001.png,2
train1002.png,9
train1003.png,9
train1004.png,4
train1005.png,7
train1006.png,4
train1007.png,9
train1008.png,9
train1009.png,9
train1010.png,3
train1011.png,0
train1012.png,7
train1013.png,9
train1014.png,9
train1015.png,7
train1016.png,8
train1017.png,4
train1018.png,0
train1019.png,7
train1020.png,5
train1021.png,4
train1022.png,3
train1023.png,2
train1024.png,2
train1025.png,8
train1026.png,4
train1027.png,9
train1028.png,7
train1029.png,7
train1030.png,0
train1031.png,2
train1032.png,9
train1033.png,3
train1034.png,3
train1035.png,7
train1036.png,3
train1037.png,4
train1038.png,9
train1039.png,3
train1040.png,2
train1041.png,5
train1042.png,8
train1043.png,4
train1044.png,3
train1045.png,7
train1046.png,0
train1047.png,0
train1048.png,7
train1049.png,3
train1050.png,9
train1051.png,5
train1052.png,5
train1053.png,9
train1054.png,7
train1055.png,3
train1056.png,3
train1057.png,8
train1058.png,8
train1059.png,3
train1060.png,7
train1061.png,7
train1062.png,0
train1063.png,7
train1064.png,5
train1065.png,2
train1066.png,7
train1067.png,3
train1068.png,8
train1069.png,4
train1070.png,5
train1071.png,7
train1072.png,8
train1073.png,5
train1074.png,7
train1075.png,3
train1076.png,2
train1077.png,9
train1078.png,3
train1079.png,2
train1080.png,7
train1081.png,0
train1082.png,3
train1083.png,3
train1084.png,8
train1085.png,7
train1086.png,7
train1087.png,9
train1088.png,7
train1089.png,2
train1090.png,0
train1091.png,9
train1092.png,9
train1093.png,9
train1094.png,4
train1095.png,9
train1096.png,7
train1097.png,4
train1098.png,8
train1099.png,7
train1100.png,5
train1101.png,4
train1102.png,9
train1103.png,8
train1104.png,7
train1105.png,8
train1106.png,6
train1107.png,5
train1108.png,2
train1109.png,0
train1110.png,8
train1111.png,3
train1112.png,8
train1113.png,7
train1114.png,2
train1115.png,7
train1116.png,5
train1117.png,2
train1118.png,5
train1119.png,3
train1120.png,5
train1121.png,8
train1122.png,3
train1123.png,6
train1124.png,6
train1125.png,6
train1126.png,7
train1127.png,9
train1128.png,2
train1129.png,7
train1130.png,7
train1131.png,0
train1132.png,7
train1133.png,2
train1134.png,8
train1135.png,7
train1136.png,7
train1137.png,8
train1138.png,7
train1139.png,8
train1140.png,6
train1141.png,4
train1142.png,3
train1143.png,0
train1144.png,6
train1145.png,2
train1146.png,0
train1147.png,8
train1148.png,6
train1149.png,4
train1150.png,2
train1151.png,8
train1152.png,7
train1153.png,4
train1154.png,2
train1155.png,5
train1156.png,9
train1157.png,8
train1158.png,8
train1159.png,6
train1160.png,2
train1161.png,3
train1162.png,5
train1163.png,0
train1164.png,6
train1165.png,4
train1166.png,6
train1167.png,6
train1168.png,9
train1169.png,4
train1170.png,8
train1171.png,2
train1172.png,6
train1173.png,0
train1174.png,8
train1175.png,7
train1176.png,7
train1177.png,2
train1178.png,2
train1179.png,7
train1180.png,0
train1181.png,9
train1182.png,9
train1183.png,3
train1184.png,8
train1185.png,1
train1186.png,4
train1187.png,0
train1188.png,2
train1189.png,4
train1190.png,9
train1191.png,2
train1192.png,8
train1193.png,1
train1194.png,8
train1195.png,6
train1196.png,2
train1197.png,8
train1198.png,5
train1199.png,1
train1200.png,5
train1201.png,9
train1202.png,7
train1203.png,2
train1204.png,6
train1205.png,4
train1206.png,1
train1207.png,8
train1208.png,2
train1209.png,7
train1210.png,2
train1211.png,6
train1212.png,5
train1213.png,0
train1214.png,4
train1215.png,7
train1216.png,3
train1217.png,5
train1218.png,4
train1219.png,9
train1220.png,2
train1221.png,4
train1222.png,0
train1223.png,4
train1224.png,8
train1225.png,6
train1226.png,1
train1227.png,7
train1228.png,5
train1229.png,4
train1230.png,4
train1231.png,1
train1232.png,1
train1233.png,9
train1234.png,7
train1235.png,4
train1236.png,3
train1237.png,1
train1238.png,3
train1239.png,8
train1240.png,0
train1241.png,9
train1242.png,5
train1243.png,7
train1244.png,4
train1245.png,6
train1246.png,8
train1247.png,6
train1248.png,9
train1249.png,4
train1250.png,2
train1251.png,3
train1252.png,3
train1253.png,4
train1254.png,4
train1255.png,3
train1256.png,1
train1257.png,1
train1258.png,0
train1259.png,6
train1260.png,5
train1261.png,2
train1262.png,8
train1263.png,3
train1264.png,5
train1265.png,7
train1266.png,7
train1267.png,6
train1268.png,4
train1269.png,0
train1270.png,2
train1271.png,9
train1272.png,8
train1273.png,0
train1274.png,7
train1275.png,1
train1276.png,7
train1277.png,1
train1278.png,8
train1279.png,4
train1280.png,0
train1281.png,5
train1282.png,4
train1283.png,8
train1284.png,3
train1285.png,8
train1286.png,0
train1287.png,6
train1288.png,0
train1289.png,2
train1290.png,5
train1291.png,3
train1292.png,9
train1293.png,4
train1294.png,9
train1295.png,9
train1296.png,3
train1297.png,6
train1298.png,2
train1299.png,0
train1300.png,7
train1301.png,2
train1302.png,0
train1303.png,9
train1304.png,1
train1305.png,8
train1306.png,0
train1307.png,4
train1308.png,1
train1309.png,2
train1310.png,3
train1311.png,9
train1312.png,8
train1313.png,8
train1314.png,6
train1315.png,8
train1316.png,9
train1317.png,5
train1318.png,7
train1319.png,6
train1320.png,3
train1321.png,5
train1322.png,6
train1323.png,7
train1324.png,0
train1325.png,8
train1326.png,7
train1327.png,9
train1328.png,3
train1329.png,1
train1330.png,4
train1331.png,5
train1332.png,2
train1333.png,5
train1334.png,6
train1335.png,4
train1336.png,3
train1337.png,3
train1338.png,9
train1339.png,7
train1340.png,7
train1341.png,2
train1342.png,8
train1343.png,3
train1344.png,4
train1345.png,1
train1346.png,2
train1347.png,2
train1348.png,1
train1349.png,7
train1350.png,6
train1351.png,9
train1352.png,6
train1353.png,7
train1354.png,8
train1355.png,0
train1356.png,3
train1357.png,6
train1358.png,3
train1359.png,5
train1360.png,5
train1361.png,3
train1362.png,0
train1363.png,1
train1364.png,4
train1365.png,3
train1366.png,6
train1367.png,1
train1368.png,8
train1369.png,5
train1370.png,8
train1371.png,3
train1372.png,6
train1373.png,4
train1374.png,0
train1375.png,5
train1376.png,3
train1377.png,1
train1378.png,5
train1379.png,4
train1380.png,9
train1381.png,9
train1382.png,7
train1383.png,7
train1384.png,0
train1385.png,7
train1386.png,9
train1387.png,8
train1388.png,8
train1389.png,7
train1390.png,9
train1391.png,9
train1392.png,6
train1393.png,6
train1394.png,1
train1395.png,6
train1396.png,1
train1397.png,9
train1398.png,8
train1399.png,9
train1400.png,4
train1401.png,3
train1402.png,8
train1403.png,5
train1404.png,5
train1405.png,2
train1406.png,5
train1407.png,9
train1408.png,7
train1409.png,1
train1410.png,8
train1411.png,5
train1412.png,0
train1413.png,9
train1414.png,1
train1415.png,1
train1416.png,3
train1417.png,6
train1418.png,7
train1419.png,0
train1420.png,9
train1421.png,3
train1422.png,7
train1423.png,5
train1424.png,6
train1425.png,7
train1426.png,0
train1427.png,0
train1428.png,9
train1429.png,1
train1430.png,6
train1431.png,1
train1432.png,4
train1433.png,1
train1434.png,9
train1435.png,5
train1436.png,5
train1437.png,8
train1438.png,5
train1439.png,4
train1440.png,8
train1441.png,9
train1442.png,0
train1443.png,5
train1444.png,8
train1445.png,8
train1446.png,8
train1447.png,1
train1448.png,9
train1449.png,0
train1450.png,3
train1451.png,4
train1452.png,6
train1453.png,0
train1454.png,5
train1455.png,8
train1456.png,7
train1457.png,4
train1458.png,5
train1459.png,3
train1460.png,2
train1461.png,8
train1462.png,6
train1463.png,7
train1464.png,0
train1465.png,9
train1466.png,2
train1467.png,6
train1468.png,6
train1469.png,3
train1470.png,3
train1471.png,7
train1472.png,6
train1473.png,4
train1474.png,1
train1475.png,3
train1476.png,5
train1477.png,8
train1478.png,1
train1479.png,5
train1480.png,7
train1481.png,9
train1482.png,9
train1483.png,6
train1484.png,8
train1485.png,8
train1486.png,2
train1487.png,5
train1488.png,0
train1489.png,8
train1490.png,1
train1491.png,8
train1492.png,6
train1493.png,4
train1494.png,3
train1495.png,0
train1496.png,4
train1497.png,4
train1498.png,7
train1499.png,4
train1500.png,4
train1501.png,3
train1502.png,5
train1503.png,4
train1504.png,3
train1505.png,3
train1506.png,3
train1507.png,9
train1508.png,0
train1509.png,1
train1510.png,3
train1511.png,9
train1512.png,3
train1513.png,3
train1514.png,0
train1515.png,7
train1516.png,1
train1517.png,1
train1518.png,6
train1519.png,8
train1520.png,7
train1521.png,0
train1522.png,8
train1523.png,2
train1524.png,1
train1525.png,5
train1526.png,4
train1527.png,3
train1528.png,7
train1529.png,1
train1530.png,7
train1531.png,6
train1532.png,2
train1533.png,5
train1534.png,2
train1535.png,0
train1536.png,7
train1537.png,3
train1538.png,9
train1539.png,0
train1540.png,4
train1541.png,7
train1542.png,1
train1543.png,2
train1544.png,2
train1545.png,6
train1546.png,4
train1547.png,4
train1548.png,0
train1549.png,9
train1550.png,7
train1551.png,2
train1552.png,1
train1553.png,1
train1554.png,3
train1555.png,6
train1556.png,5
train1557.png,8
train1558.png,0
train1559.png,2
train1560.png,0
train1561.png,7
train1562.png,0
train1563.png,1
train1564.png,6
train1565.png,0
train1566.png,5
train1567.png,0
train1568.png,9
train1569.png,0
train1570.png,0
train1571.png,7
train1572.png,0
train1573.png,1
train1574.png,8
train1575.png,3
train1576.png,4
train1577.png,2
train1578.png,7
train1579.png,2
train1580.png,1
train1581.png,1
train1582.png,9
train1583.png,1
train1584.png,5
train1585.png,5
train1586.png,2
train1587.png,9
train1588.png,7
train1589.png,6
train1590.png,5
train1591.png,5
train1592.png,0
train1593.png,0
train1594.png,4
train1595.png,5
train1596.png,9
train1597.png,3
train1598.png,0
train1599.png,5
train1600.png,6
train1601.png,7
train1602.png,5
train1603.png,6
train1604.png,4
train1605.png,7
train1606.png,0
train1607.png,5
train1608.png,2
train1609.png,4
train1610.png,2
train1611.png,9
train1612.png,4
train1613.png,5
train1614.png,3
train1615.png,3
train1616.png,3
train1617.png,2
train1618.png,1
train1619.png,1
train1620.png,8
train1621.png,7
train1622.png,7
train1623.png,8
train1624.png,1
train1625.png,4
train1626.png,6
train1627.png,9
train1628.png,8
train1629.png,7
train1630.png,2
train1631.png,1
train1632.png,1
train1633.png,4
train1634.png,8
train1635.png,1
train1636.png,1
train1637.png,3
train1638.png,3
train1639.png,1
train1640.png,8
train1641.png,8
train1642.png,4
train1643.png,6
train1644.png,6
train1645.png,1
train1646.png,2
train1647.png,5
train1648.png,1
train1649.png,0
train1650.png,1
train1651.png,1
train1652.png,0
train1653.png,1
train1654.png,8
train1655.png,1
train1656.png,0
train1657.png,8
train1658.png,9
train1659.png,4
train1660.png,7
train1661.png,5
train1662.png,3
train1663.png,1
train1664.png,1
train1665.png,8
train1666.png,8
train1667.png,7
train1668.png,1
train1669.png,7
train1670.png,4
train1671.png,6
train1672.png,8
train1673.png,6
train1674.png,0
train1675.png,6
train1676.png,7
train1677.png,4
train1678.png,8
train1679.png,6
train1680.png,2
train1681.png,2
train1682.png,6
train1683.png,8
train1684.png,5
train1685.png,0
train1686.png,5
train1687.png,4
train1688.png,0
train1689.png,0
train1690.png,1
train1691.png,0
train1692.png,4
train1693.png,5
train1694.png,9
train1695.png,0
train1696.png,3
train1697.png,5
train1698.png,2
train1699.png,9
train1700.png,4
train1701.png,8
train1702.png,0
train1703.png,2
train1704.png,4
train1705.png,3
train1706.png,6
train1707.png,3
train1708.png,7
train1709.png,6
train1710.png,2
train1711.png,0
train1712.png,8
train1713.png,4
train1714.png,6
train1715.png,9
train1716.png,4
train1717.png,5
train1718.png,7
train1719.png,2
train1720.png,4
train1721.png,6
train1722.png,0
train1723.png,2
train1724.png,8
train1725.png,6
train1726.png,3
train1727.png,4
train1728.png,4
train1729.png,8
train1730.png,9
train1731.png,4
train1732.png,8
train1733.png,6
train1734.png,6
train1735.png,4
train1736.png,3
train1737.png,2
train1738.png,9
train1739.png,6
train1740.png,3
train1741.png,9
train1742.png,0
train1743.png,1
train1744.png,0
train1745.png,3
train1746.png,8
train1747.png,8
train1748.png,1
train1749.png,2
train1750.png,3
train1751.png,6
train1752.png,7
train1753.png,1
train1754.png,7
train1755.png,7
train1756.png,0
train1757.png,2
train1758.png,7
train1759.png,1
train1760.png,5
train1761.png,7
train1762.png,4
train1763.png,4
train1764.png,5
train1765.png,2
train1766.png,6
train1767.png,4
train1768.png,1
train1769.png,9
train1770.png,0
train1771.png,6
train1772.png,0
train1773.png,5
train1774.png,4
train1775.png,7
train1776.png,5
train1777.png,7
train1778.png,3
train1779.png,0
train1780.png,8
train1781.png,6
train1782.png,7
train1783.png,7
train1784.png,7
train1785.png,5
train1786.png,0
train1787.png,5
train1788.png,6
train1789.png,3
train1790.png,4
train1791.png,3
train1792.png,3
train1793.png,9
train1794.png,1
train1795.png,5
train1796.png,9
train1797.png,1
train1798.png,0
train1799.png,4
train1800.png,6
train1801.png,2
train1802.png,1
train1803.png,2
train1804.png,0
train1805.png,7
train1806.png,1
train1807.png,1
train1808.png,6
train1809.png,5
train1810.png,8
train1811.png,2
train1812.png,4
train1813.png,8
train1814.png,4
train1815.png,9
train1816.png,5
train1817.png,3
train1818.png,3
train1819.png,5
train1820.png,6
train1821.png,3
train1822.png,7
train1823.png,3
train1824.png,6
train1825.png,5
train1826.png,7
train1827.png,1
train1828.png,1
train1829.png,2
train1830.png,9
train1831.png,5
train1832.png,5
train1833.png,9
train1834.png,3
train1835.png,1
train1836.png,0
train1837.png,0
train1838.png,5
train1839.png,0
train1840.png,9
train1841.png,2
train1842.png,2
train1843.png,3
train1844.png,2
train1845.png,6
train1846.png,8
train1847.png,7
train1848.png,7
train1849.png,5
train1850.png,7
train1851.png,6
train1852.png,2
train1853.png,4
train1854.png,6
train1855.png,1
train1856.png,5
train1857.png,7
train1858.png,1
train1859.png,2
train1860.png,7
train1861.png,2
train1862.png,4
train1863.png,9
train1864.png,3
train1865.png,9
train1866.png,6
train1867.png,0
train1868.png,0
train1869.png,3
train1870.png,9
train1871.png,9
train1872.png,9
train1873.png,8
train1874.png,2
train1875.png,5
train1876.png,9
train1877.png,6
train1878.png,3
train1879.png,9
train1880.png,3
train1881.png,7
train1882.png,4
train1883.png,1
train1884.png,0
train1885.png,8
train1886.png,7
train1887.png,7
train1888.png,8
train1889.png,4
train1890.png,6
train1891.png,6
train1892.png,7
train1893.png,5
train1894.png,2
train1895.png,2
train1896.png,9
train1897.png,6
train1898.png,1
train1899.png,9
train1900.png,8
train1901.png,7
train1902.png,1
train1903.png,0
train1904.png,4
train1905.png,4
train1906.png,5
train1907.png,9
train1908.png,2
train1909.png,9
train1910.png,7
train1911.png,1
train1912.png,6
train1913.png,3
train1914.png,1
train1915.png,9
train1916.png,9
train1917.png,5
train1918.png,4
train1919.png,4
train1920.png,2
train1921.png,7
train1922.png,6
train1923.png,1
train1924.png,9
train1925.png,2
train1926.png,4
train1927.png,3
train1928.png,2
train1929.png,8
train1930.png,2
train1931.png,9
train1932.png,6
train1933.png,1
train1934.png,8
train1935.png,4
train1936.png,4
train1937.png,5
train1938.png,0
train1939.png,8
train1940.png,5
train1941.png,4
train1942.png,8
train1943.png,0
train1944.png,3
train1945.png,6
train1946.png,8
train1947.png,2
train1948.png,6
train1949.png,6
train1950.png,7
train1951.png,9
train1952.png,6
train1953.png,1
train1954.png,2
train1955.png,4
train1956.png,8
train1957.png,3
train1958.png,1
train1959.png,4
train1960.png,5
train1961.png,6
train1962.png,5
train1963.png,8
train1964.png,5
train1965.png,8
train1966.png,3
train1967.png,6
train1968.png,2
train1969.png,5
train1970.png,0
train1971.png,0
train1972.png,3
train1973.png,6
train1974.png,2
train1975.png,1
train1976.png,5
train1977.png,5
train1978.png,5
train1979.png,9
train1980.png,1
train1981.png,8
train1982.png,7
train1983.png,6
train1984.png,0
train1985.png,7
train1986.png,6
train1987.png,3
train1988.png,1
train1989.png,2
train1990.png,1
train1991.png,2
train1992.png,0
train1993.png,3
train1994.png,4
train1995.png,0
train1996.png,2
train1997.png,9
train1998.png,7
train1999.png,3
train2000.png,4
train2001.png,9
train2002.png,1
train2003.png,4
train2004.png,0
train2005.png,4
train2006.png,7
train2007.png,8
train2008.png,6
train2009.png,9
train2010.png,1
train2011.png,9
train2012.png,7
train2013.png,9
train2014.png,9
train2015.png,8
train2016.png,9
train2017.png,0
train2018.png,5
train2019.png,8
train2020.png,8
train2021.png,8
train2022.png,5
train2023.png,2
train2024.png,6
train2025.png,8
train2026.png,1
train2027.png,9
train2028.png,8
train2029.png,0
train2030.png,0
train2031.png,2
train2032.png,9
train2033.png,0
train2034.png,7
train2035.png,5
train2036.png,7
train2037.png,2
train2038.png,6
train2039.png,7
train2040.png,9
train2041.png,0
train2042.png,2
train2043.png,4
train2044.png,9
train2045.png,8
train2046.png,3
train2047.png,3
train2048.png,9
train2049.png,0
train2050.png,5
train2051.png,6
train2052.png,6
train2053.png,0
train2054.png,3
train2055.png,7
train2056.png,9
train2057.png,9
train2058.png,5
train2059.png,8
train2060.png,4
train2061.png,0
train2062.png,9
train2063.png,7
train2064.png,3
train2065.png,8
train2066.png,5
train2067.png,1
train2068.png,3
train2069.png,2
train2070.png,9
train2071.png,9
train2072.png,1
train2073.png,8
train2074.png,0
train2075.png,0
train2076.png,3
train2077.png,5
train2078.png,2
train2079.png,9
train2080.png,1
train2081.png,2
train2082.png,4
train2083.png,0
train2084.png,7
train2085.png,0
train2086.png,2
train2087.png,1
train2088.png,7
train2089.png,1
train2090.png,6
train2091.png,6
train2092.png,5
train2093.png,1
train2094.png,3
train2095.png,1
train2096.png,4
train2097.png,2
train2098.png,3
train2099.png,3
train2100.png,4
train2101.png,1
train2102.png,8
train2103.png,4
train2104.png,1
train2105.png,6
train2106.png,5
train2107.png,9
train2108.png,5
train2109.png,4
train2110.png,5
train2111.png,2
train2112.png,6
train2113.png,8
train2114.png,1
train2115.png,3
train2116.png,6
train2117.png,7
train2118.png,7
train2119.png,0
train2120.png,7
train2121.png,6
train2122.png,8
train2123.png,8
train2124.png,4
train2125.png,0
train2126.png,5
train2127.png,2
train2128.png,6
train2129.png,9
train2130.png,5
train2131.png,3
train2132.png,1
train2133.png,6
train2134.png,0
train2135.png,5
train2136.png,3
train2137.png,1
train2138.png,8
train2139.png,4
train2140.png,7
train2141.png,2
train2142.png,6
train2143.png,5
train2144.png,2
train2145.png,4
train2146.png,6
train2147.png,3
train2148.png,3
train2149.png,9
train2150.png,3
train2151.png,4
train2152.png,3
train2153.png,4
train2154.png,9
train2155.png,5
train2156.png,4
train2157.png,9
train2158.png,7
train2159.png,0
train2160.png,2
train2161.png,0
train2162.png,6
train2163.png,7
train2164.png,9
train2165.png,2
train2166.png,6
train2167.png,8
train2168.png,0
train2169.png,2
train2170.png,3
train2171.png,9
train2172.png,8
train2173.png,0
train2174.png,5
train2175.png,8
train2176.png,5
train2177.png,3
train2178.png,7
train2179.png,1
train2180.png,6
train2181.png,0
train2182.png,5
train2183.png,5
train2184.png,6
train2185.png,7
train2186.png,9
train2187.png,8
train2188.png,9
train2189.png,0
train2190.png,6
train2191.png,1
train2192.png,1
train2193.png,3
train2194.png,9
train2195.png,3
train2196.png,1
train2197.png,2
train2198.png,7
train2199.png,1
train2200.png,3
train2201.png,0
train2202.png,4
train2203.png,2
train2204.png,1
train2205.png,7
train2206.png,5
train2207.png,2
train2208.png,3
train2209.png,9
train2210.png,7
train2211.png,4
train2212.png,4
train2213.png,9
train2214.png,4
train2215.png,3
train2216.png,3
train2217.png,8
train2218.png,5
train2219.png,6
train2220.png,7
train2221.png,2
train2222.png,9
train2223.png,8
train2224.png,3
train2225.png,7
train2226.png,1
train2227.png,4
train2228.png,3
train2229.png,1
train2230.png,5
train2231.png,2
train2232.png,4
train2233.png,1
train2234.png,0
train2235.png,1
train2236.png,7
train2237.png,0
train2238.png,1
train2239.png,3
train2240.png,3
train2241.png,3
train2242.png,3
train2243.png,3
train2244.png,4
train2245.png,8
train2246.png,8
train2247.png,9
train2248.png,3
train2249.png,4
train2250.png,9
train2251.png,7
train2252.png,3
train2253.png,2
train2254.png,7
train2255.png,8
train2256.png,8
train2257.png,2
train2258.png,8
train2259.png,7
train2260.png,9
train2261.png,9
train2262.png,6
train2263.png,7
train2264.png,9
train2265.png,1
train2266.png,4
train2267.png,9
train2268.png,0
train2269.png,2
train2270.png,8
train2271.png,5
train2272.png,5
train2273.png,2
train2274.png,3
train2275.png,3
train2276.png,6
train2277.png,9
train2278.png,9
train2279.png,3
train2280.png,9
train2281.png,9
train2282.png,9
train2283.png,0
train2284.png,2
train2285.png,1
train2286.png,1
train2287.png,2
train2288.png,2
train2289.png,1
train2290.png,8
train2291.png,0
train2292.png,2
train2293.png,0
train2294.png,3
train2295.png,2
train2296.png,2
train2297.png,9
train2298.png,2
train2299.png,1
train2300.png,9
train2301.png,4
train2302.png,3
train2303.png,2
train2304.png,3
train2305.png,6
train2306.png,3
train2307.png,9
train2308.png,8
train2309.png,3
train2310.png,4
train2311.png,1
train2312.png,5
train2313.png,4
train2314.png,7
train2315.png,9
train2316.png,1
train2317.png,1
train2318.png,8
train2319.png,1
train2320.png,6
train2321.png,8
train2322.png,4
train2323.png,3
train2324.png,4
train2325.png,9
train2326.png,2
train2327.png,8
train2328.png,2
train2329.png,7
train2330.png,0
train2331.png,8
train2332.png,6
train2333.png,7
train2334.png,2
train2335.png,0
train2336.png,6
train2337.png,9
train2338.png,0
train2339.png,7
train2340.png,5
train2341.png,5
train2342.png,3
train2343.png,2
train2344.png,1
train2345.png,9
train2346.png,1
train2347.png,9
train2348.png,7
train2349.png,3
train2350.png,2
train2351.png,2
train2352.png,1
train2353.png,1
train2354.png,8
train2355.png,1
train2356.png,4
train2357.png,9
train2358.png,5
train2359.png,9
train2360.png,4
train2361.png,9
train2362.png,1
train2363.png,1
train2364.png,7
train2365.png,2
train2366.png,1
train2367.png,9
train2368.png,8
train2369.png,6
train2370.png,2
train2371.png,7
train2372.png,8
train2373.png,1
train2374.png,1
train2375.png,3
train2376.png,9
train2377.png,3
train2378.png,4
train2379.png,1
train2380.png,6
train2381.png,9
train2382.png,0
train2383.png,6
train2384.png,3
train2385.png,6
train2386.png,1
train2387.png,8
train2388.png,8
train2389.png,6
train2390.png,7
train2391.png,7
train2392.png,0
train2393.png,8
train2394.png,8
train2395.png,5
train2396.png,8
train2397.png,2
train2398.png,9
train2399.png,6
train2400.png,4
train2401.png,1
train2402.png,8
train2403.png,4
train2404.png,5
train2405.png,3
train2406.png,8
train2407.png,7
train2408.png,2
train2409.png,2
train2410.png,8
train2411.png,2
train2412.png,8
train2413.png,1
train2414.png,8
train2415.png,7
train2416.png,1
train2417.png,8
train2418.png,0
train2419.png,0
train2420.png,5
train2421.png,9
train2422.png,5
train2423.png,3
train2424.png,5
train2425.png,9
train2426.png,6
train2427.png,7
train2428.png,7
train2429.png,3
train2430.png,8
train2431.png,0
train2432.png,8
train2433.png,0
train2434.png,5
train2435.png,2
train2436.png,4
train2437.png,0
train2438.png,2
train2439.png,2
train2440.png,6
train2441.png,9
train2442.png,9
train2443.png,0
train2444.png,1
train2445.png,0
train2446.png,8
train2447.png,1
train2448.png,0
train2449.png,9
train2450.png,2
train2451.png,2
train2452.png,1
train2453.png,9
train2454.png,7
train2455.png,3
train2456.png,7
train2457.png,9
train2458.png,4
train2459.png,5
train2460.png,1
train2461.png,7
train2462.png,5
train2463.png,5
train2464.png,2
train2465.png,9
train2466.png,5
train2467.png,9
train2468.png,1
train2469.png,1
train2470.png,4
train2471.png,4
train2472.png,5
train2473.png,1
train2474.png,5
train2475.png,9
train2476.png,8
train2477.png,1
train2478.png,1
train2479.png,9
train2480.png,9
train2481.png,2
train2482.png,3
train2483.png,4
train2484.png,3
train2485.png,0
train2486.png,8
train2487.png,1
train2488.png,6
train2489.png,7
train2490.png,0
train2491.png,0
train2492.png,8
train2493.png,5
train2494.png,9
train2495.png,4
train2496.png,7
train2497.png,0
train2498.png,3
train2499.png,2
train2500.png,0
train2501.png,2
train2502.png,1
train2503.png,6
train2504.png,6
train2505.png,3
train2506.png,4
train2507.png,1
train2508.png,4
train2509.png,6
train2510.png,4
train2511.png,2
train2512.png,0
train2513.png,8
train2514.png,1
train2515.png,2
train2516.png,6
train2517.png,0
train2518.png,7
train2519.png,1
train2520.png,1
train2521.png,1
train2522.png,2
train2523.png,2
train2524.png,9
train2525.png,6
train2526.png,5
train2527.png,7
train2528.png,4
train2529.png,6
train2530.png,6
train2531.png,3
train2532.png,1
train2533.png,1
train2534.png,4
train2535.png,3
train2536.png,3
train2537.png,7
train2538.png,3
train2539.png,0
train2540.png,9
train2541.png,3
train2542.png,7
train2543.png,0
train2544.png,8
train2545.png,5
train2546.png,8
train2547.png,0
train2548.png,2
train2549.png,9
train2550.png,7
train2551.png,0
train2552.png,1
train2553.png,3
train2554.png,3
train2555.png,3
train2556.png,8
train2557.png,4
train2558.png,7
train2559.png,2
train2560.png,4
train2561.png,8
train2562.png,8
train2563.png,2
train2564.png,4
train2565.png,5
train2566.png,8
train2567.png,1
train2568.png,8
train2569.png,8
train2570.png,8
train2571.png,4
train2572.png,9
train2573.png,1
train2574.png,3
train2575.png,0
train2576.png,8
train2577.png,4
train2578.png,0
train2579.png,1
train2580.png,3
train2581.png,7
train2582.png,4
train2583.png,9
train2584.png,4
train2585.png,7
train2586.png,4
train2587.png,6
train2588.png,9
train2589.png,7
train2590.png,7
train2591.png,7
train2592.png,7
train2593.png,9
train2594.png,0
train2595.png,8
train2596.png,6
train2597.png,2
train2598.png,9
train2599.png,9
train2600.png,4
train2601.png,4
train2602.png,6
train2603.png,3
train2604.png,2
train2605.png,5
train2606.png,5
train2607.png,8
train2608.png,0
train2609.png,1
train2610.png,9
train2611.png,7
train2612.png,5
train2613.png,6
train2614.png,1
train2615.png,5
train2616.png,7
train2617.png,7
train2618.png,1
train2619.png,5
train2620.png,3
train2621.png,2
train2622.png,5
train2623.png,8
train2624.png,9
train2625.png,7
train2626.png,1
train2627.png,7
train2628.png,5
train2629.png,3
train2630.png,3
train2631.png,2
train2632.png,9
train2633.png,1
train2634.png,2
train2635.png,1
train2636.png,9
train2637.png,4
train2638.png,1
train2639.png,8
train2640.png,9
train2641.png,7
train2642.png,2
train2643.png,6
train2644.png,7
train2645.png,2
train2646.png,3
train2647.png,0
train2648.png,0
train2649.png,5
train2650.png,9
train2651.png,6
train2652.png,9
train2653.png,3
train2654.png,2
train2655.png,7
train2656.png,1
train2657.png,7
train2658.png,9
train2659.png,5
train2660.png,7
train2661.png,4
train2662.png,1
train2663.png,0
train2664.png,2
train2665.png,8
train2666.png,8
train2667.png,5
train2668.png,4
train2669.png,9
train2670.png,5
train2671.png,5
train2672.png,6
train2673.png,4
train2674.png,8
train2675.png,6
train2676.png,5
train2677.png,8
train2678.png,1
train2679.png,2
train2680.png,4
train2681.png,0
train2682.png,1
train2683.png,1
train2684.png,6
train2685.png,6
train2686.png,9
train2687.png,1
train2688.png,7
train2689.png,3
train2690.png,9
train2691.png,0
train2692.png,9
train2693.png,5
train2694.png,9
train2695.png,8
train2696.png,5
train2697.png,8
train2698.png,5
train2699.png,0
train2700.png,0
train2701.png,0
train2702.png,2
train2703.png,7
train2704.png,8
train2705.png,4
train2706.png,2
train2707.png,5
train2708.png,1
train2709.png,9
train2710.png,1
train2711.png,4
train2712.png,0
train2713.png,5
train2714.png,9
train2715.png,2
train2716.png,3
train2717.png,7
train2718.png,9
train2719.png,5
train2720.png,4
train2721.png,8
train2722.png,5
train2723.png,2
train2724.png,2
train2725.png,9
train2726.png,4
train2727.png,0
train2728.png,5
train2729.png,3
train2730.png,0
train2731.png,5
train2732.png,1
train2733.png,7
train2734.png,2
train2735.png,7
train2736.png,5
train2737.png,4
train2738.png,9
train2739.png,4
train2740.png,0
train2741.png,5
train2742.png,2
train2743.png,9
train2744.png,6
train2745.png,2
train2746.png,7
train2747.png,4
train2748.png,4
train2749.png,7
train2750.png,4
train2751.png,1
train2752.png,7
train2753.png,9
train2754.png,8
train2755.png,7
train2756.png,3
train2757.png,6
train2758.png,0
train2759.png,3
train2760.png,4
train2761.png,2
train2762.png,8
train2763.png,8
train2764.png,3
train2765.png,4
train2766.png,2
train2767.png,1
train2768.png,1
train2769.png,7
train2770.png,6
train2771.png,7
train2772.png,2
train2773.png,1
train2774.png,5
train2775.png,1
train2776.png,4
train2777.png,3
train2778.png,3
train2779.png,5
train2780.png,0
train2781.png,3
train2782.png,9
train2783.png,8
train2784.png,1
train2785.png,1
train2786.png,6
train2787.png,6
train2788.png,5
train2789.png,1
train2790.png,1
train2791.png,1
train2792.png,4
train2793.png,8
train2794.png,5
train2795.png,1
train2796.png,6
train2797.png,4
train2798.png,9
train2799.png,4
train2800.png,6
train2801.png,4
train2802.png,8
train2803.png,6
train2804.png,0
train2805.png,9
train2806.png,8
train2807.png,7
train2808.png,6
train2809.png,7
train2810.png,1
train2811.png,5
train2812.png,7
train2813.png,6
train2814.png,0
train2815.png,3
train2816.png,4
train2817.png,9
train2818.png,2
train2819.png,4
train2820.png,3
train2821.png,9
train2822.png,4
train2823.png,7
train2824.png,6
train2825.png,9
train2826.png,1
train2827.png,5
train2828.png,9
train2829.png,7
train2830.png,1
train2831.png,7
train2832.png,8
train2833.png,9
train2834.png,4
train2835.png,8
train2836.png,5
train2837.png,3
train2838.png,2
train2839.png,2
train2840.png,2
train2841.png,7
train2842.png,4
train2843.png,0
train2844.png,3
train2845.png,9
train2846.png,9
train2847.png,5
train2848.png,2
train2849.png,0
train2850.png,3
train2851.png,0
train2852.png,2
train2853.png,2
train2854.png,3
train2855.png,3
train2856.png,9
train2857.png,0
train2858.png,6
train2859.png,7
train2860.png,9
train2861.png,1
train2862.png,8
train2863.png,9
train2864.png,8
train2865.png,0
train2866.png,5
train2867.png,5
train2868.png,4
train2869.png,1
train2870.png,5
train2871.png,1
train2872.png,9
train2873.png,0
train2874.png,7
train2875.png,2
train2876.png,5
train2877.png,0
train2878.png,3
train2879.png,4
train2880.png,6
train2881.png,7
train2882.png,2
train2883.png,8
train2884.png,7
train2885.png,2
train2886.png,5
train2887.png,7
train2888.png,8
train2889.png,7
train2890.png,3
train2891.png,2
train2892.png,2
train2893.png,2
train2894.png,1
train2895.png,8
train2896.png,4
train2897.png,6
train2898.png,4
train2899.png,9
train2900.png,7
train2901.png,5
train2902.png,3
train2903.png,9
train2904.png,9
train2905.png,2
train2906.png,3
train2907.png,1
train2908.png,8
train2909.png,6
train2910.png,1
train2911.png,7
train2912.png,8
train2913.png,4
train2914.png,2
train2915.png,5
train2916.png,6
train2917.png,7
train2918.png,9
train2919.png,2
train2920.png,1
train2921.png,1
train2922.png,8
train2923.png,3
train2924.png,9
train2925.png,0
train2926.png,9
train2927.png,7
train2928.png,3
train2929.png,8
train2930.png,1
train2931.png,8
train2932.png,0
train2933.png,7
train2934.png,1
train2935.png,1
train2936.png,1
train2937.png,1
train2938.png,8
train2939.png,6
train2940.png,4
train2941.png,0
train2942.png,1
train2943.png,7
train2944.png,6
train2945.png,0
train2946.png,3
train2947.png,6
train2948.png,7
train2949.png,2
train2950.png,3
train2951.png,0
train2952.png,0
train2953.png,9
train2954.png,8
train2955.png,0
train2956.png,4
train2957.png,3
train2958.png,5
train2959.png,1
train2960.png,6
train2961.png,2
train2962.png,6
train2963.png,4
train2964.png,4
train2965.png,3
train2966.png,1
train2967.png,7
train2968.png,1
train2969.png,9
train2970.png,1
train2971.png,7
train2972.png,1
train2973.png,3
train2974.png,3
train2975.png,5
train2976.png,6
train2977.png,0
train2978.png,8
train2979.png,3
train2980.png,3
train2981.png,8
train2982.png,6
train2983.png,4
train2984.png,9
train2985.png,1
train2986.png,4
train2987.png,6
train2988.png,9
train2989.png,9
train2990.png,8
train2991.png,5
train2992.png,6
train2993.png,4
train2994.png,5
train2995.png,3
train2996.png,7
train2997.png,7
train2998.png,2
train2999.png,6
train3000.png,5
train3001.png,9
train3002.png,3
train3003.png,1
train3004.png,6
train3005.png,3
train3006.png,2
train3007.png,2
train3008.png,4
train3009.png,6
train3010.png,5
train3011.png,9
train3012.png,3
train3013.png,2
train3014.png,1
train3015.png,9
train3016.png,1
train3017.png,7
train3018.png,5
train3019.png,6
train3020.png,7
train3021.png,1
train3022.png,4
train3023.png,8
train3024.png,6
train3025.png,1
train3026.png,3
train3027.png,1
train3028.png,0
train3029.png,7
train3030.png,8
train3031.png,8
train3032.png,5
train3033.png,2
train3034.png,9
train3035.png,4
train3036.png,7
train3037.png,8
train3038.png,6
train3039.png,6
train3040.png,8
train3041.png,7
train3042.png,1
train3043.png,4
train3044.png,1
train3045.png,9
train3046.png,1
train3047.png,2
train3048.png,3
train3049.png,2
train3050.png,8
train3051.png,0
train3052.png,4
train3053.png,0
train3054.png,7
train3055.png,9
train3056.png,4
train3057.png,5
train3058.png,6
train3059.png,5
train3060.png,6
train3061.png,0
train3062.png,4
train3063.png,9
train3064.png,6
train3065.png,2
train3066.png,6
train3067.png,4
train3068.png,1
train3069.png,4
train3070.png,8
train3071.png,4
train3072.png,2
train3073.png,8
train3074.png,1
train3075.png,3
train3076.png,2
train3077.png,2
train3078.png,7
train3079.png,2
train3080.png,6
train3081.png,3
train3082.png,1
train3083.png,2
train3084.png,6
train3085.png,3
train3086.png,8
train3087.png,4
train3088.png,2
train3089.png,2
train3090.png,5
train3091.png,4
train3092.png,6
train3093.png,1
train3094.png,7
train3095.png,1
train3096.png,0
train3097.png,1
train3098.png,1
train3099.png,2
train3100.png,5
train3101.png,0
train3102.png,6
train3103.png,1
train3104.png,0
train3105.png,6
train3106.png,0
train3107.png,8
train3108.png,2
train3109.png,6
train3110.png,8
train3111.png,7
train3112.png,9
train3113.png,5
train3114.png,2
train3115.png,0
train3116.png,4
train3117.png,9
train3118.png,7
train3119.png,4
train3120.png,3
train3121.png,8
train3122.png,8
train3123.png,5
train3124.png,9
train3125.png,3
train3126.png,5
train3127.png,0
train3128.png,5
train3129.png,1
train3130.png,8
train3131.png,0
train3132.png,6
train3133.png,5
train3134.png,3
train3135.png,4
train3136.png,0
train3137.png,8
train3138.png,4
train3139.png,1
train3140.png,0
train3141.png,3
train3142.png,7
train3143.png,1
train3144.png,2
train3145.png,1
train3146.png,1
train3147.png,6
train3148.png,2
train3149.png,8
train3150.png,4
train3151.png,2
train3152.png,2
train3153.png,5
train3154.png,0
train3155.png,6
train3156.png,5
train3157.png,4
train3158.png,0
train3159.png,5
train3160.png,7
train3161.png,5
train3162.png,1
train3163.png,7
train3164.png,1
train3165.png,7
train3166.png,2
train3167.png,2
train3168.png,8
train3169.png,6
train3170.png,9
train3171.png,9
train3172.png,1
train3173.png,3
train3174.png,0
train3175.png,8
train3176.png,8
train3177.png,0
train3178.png,5
train3179.png,0
train3180.png,9
train3181.png,8
train3182.png,9
train3183.png,7
train3184.png,1
train3185.png,9
train3186.png,3
train3187.png,1
train3188.png,1
train3189.png,9
train3190.png,4
train3191.png,0
train3192.png,2
train3193.png,2
train3194.png,1
train3195.png,3
train3196.png,8
train3197.png,9
train3198.png,5
train3199.png,3
train3200.png,6
train3201.png,1
train3202.png,1
train3203.png,9
train3204.png,2
train3205.png,3
train3206.png,2
train3207.png,5
train3208.png,6
train3209.png,3
train3210.png,0
train3211.png,7
train3212.png,7
train3213.png,0
train3214.png,6
train3215.png,8
train3216.png,7
train3217.png,6
train3218.png,2
train3219.png,2
train3220.png,3
train3221.png,0
train3222.png,3
train3223.png,3
train3224.png,7
train3225.png,7
train3226.png,4
train3227.png,0
train3228.png,2
train3229.png,3
train3230.png,8
train3231.png,1
train3232.png,4
train3233.png,4
train3234.png,5
train3235.png,4
train3236.png,5
train3237.png,3
train3238.png,4
train3239.png,3
train3240.png,1
train3241.png,0
train3242.png,1
train3243.png,2
train3244.png,4
train3245.png,6
train3246.png,7
train3247.png,8
train3248.png,3
train3249.png,9
train3250.png,0
train3251.png,2
train3252.png,6
train3253.png,3
train3254.png,2
train3255.png,6
train3256.png,0
train3257.png,3
train3258.png,5
train3259.png,9
train3260.png,6
train3261.png,0
train3262.png,3
train3263.png,3
train3264.png,0
train3265.png,3
train3266.png,3
train3267.png,3
train3268.png,9
train3269.png,0
train3270.png,2
train3271.png,9
train3272.png,7
train3273.png,8
train3274.png,5
train3275.png,2
train3276.png,4
train3277.png,9
train3278.png,4
train3279.png,8
train3280.png,7
train3281.png,3
train3282.png,5
train3283.png,1
train3284.png,9
train3285.png,0
train3286.png,3
train3287.png,0
train3288.png,2
train3289.png,7
train3290.png,8
train3291.png,4
train3292.png,9
train3293.png,2
train3294.png,1
train3295.png,0
train3296.png,5
train3297.png,0
train3298.png,7
train3299.png,0
train3300.png,1
train3301.png,2
train3302.png,3
train3303.png,1
train3304.png,2
train3305.png,1
train3306.png,7
train3307.png,6
train3308.png,6
train3309.png,5
train3310.png,1
train3311.png,4
train3312.png,3
train3313.png,7
train3314.png,5
train3315.png,6
train3316.png,8
train3317.png,4
train3318.png,1
train3319.png,7
train3320.png,9
train3321.png,8
train3322.png,4
train3323.png,9
train3324.png,3
train3325.png,6
train3326.png,7
train3327.png,3
train3328.png,8
train3329.png,8
train3330.png,4
train3331.png,1
train3332.png,2
train3333.png,1
train3334.png,3
train3335.png,3
train3336.png,1
train3337.png,9
train3338.png,7
train3339.png,5
train3340.png,5
train3341.png,3
train3342.png,4
train3343.png,3
train3344.png,4
train3345.png,6
train3346.png,3
train3347.png,6
train3348.png,4
train3349.png,4
train3350.png,4
train3351.png,2
train3352.png,0
train3353.png,6
train3354.png,9
train3355.png,3
train3356.png,9
train3357.png,5
train3358.png,7
train3359.png,2
train3360.png,5
train3361.png,2
train3362.png,9
train3363.png,4
train3364.png,9
train3365.png,5
train3366.png,7
train3367.png,4
train3368.png,5
train3369.png,9
train3370.png,1
train3371.png,6
train3372.png,7
train3373.png,8
train3374.png,8
train3375.png,9
train3376.png,3
train3377.png,5
train3378.png,2
train3379.png,9
train3380.png,4
train3381.png,4
train3382.png,6
train3383.png,4
train3384.png,4
train3385.png,7
train3386.png,5
train3387.png,8
train3388.png,2
train3389.png,1
train3390.png,6
train3391.png,2
train3392.png,0
train3393.png,7
train3394.png,7
train3395.png,3
train3396.png,7
train3397.png,5
train3398.png,8
train3399.png,3
train3400.png,0
train3401.png,1
train3402.png,8
train3403.png,0
train3404.png,6
train3405.png,0
train3406.png,3
train3407.png,6
train3408.png,7
train3409.png,2
train3410.png,7
train3411.png,8
train3412.png,0
train3413.png,2
train3414.png,1
train3415.png,2
train3416.png,2
train3417.png,3
train3418.png,2
train3419.png,1
train3420.png,5
train3421.png,2
train3422.png,1
train3423.png,8
train3424.png,3
train3425.png,6
train3426.png,8
train3427.png,2
train3428.png,8
train3429.png,8
train3430.png,6
train3431.png,3
train3432.png,4
train3433.png,1
train3434.png,6
train3435.png,5
train3436.png,2
train3437.png,0
train3438.png,4
train3439.png,8
train3440.png,3
train3441.png,1
train3442.png,1
train3443.png,4
train3444.png,8
train3445.png,7
train3446.png,5
train3447.png,1
train3448.png,2
train3449.png,4
train3450.png,1
train3451.png,1
train3452.png,1
train3453.png,5
train3454.png,3
train3455.png,2
train3456.png,1
train3457.png,8
train3458.png,1
train3459.png,4
train3460.png,8
train3461.png,2
train3462.png,5
train3463.png,2
train3464.png,7
train3465.png,1
train3466.png,6
train3467.png,8
train3468.png,2
train3469.png,5
train3470.png,3
train3471.png,4
train3472.png,6
train3473.png,6
train3474.png,8
train3475.png,6
train3476.png,6
train3477.png,7
train3478.png,6
train3479.png,7
train3480.png,2
train3481.png,2
train3482.png,4
train3483.png,0
train3484.png,6
train3485.png,7
train3486.png,7
train3487.png,4
train3488.png,7
train3489.png,1
train3490.png,8
train3491.png,5
train3492.png,8
train3493.png,2
train3494.png,6
train3495.png,0
train3496.png,6
train3497.png,1
train3498.png,5
train3499.png,7
train3500.png,8
train3501.png,2
train3502.png,8
train3503.png,6
train3504.png,8
train3505.png,6
train3506.png,0
train3507.png,3
train3508.png,2
train3509.png,2
train3510.png,4
train3511.png,6
train3512.png,6
train3513.png,2
train3514.png,3
train3515.png,8
train3516.png,0
train3517.png,7
train3518.png,2
train3519.png,8
train3520.png,2
train3521.png,2
train3522.png,4
train3523.png,1
train3524.png,7
train3525.png,2
train3526.png,7
train3527.png,2
train3528.png,6
train3529.png,1
train3530.png,3
train3531.png,7
train3532.png,3
train3533.png,4
train3534.png,1
train3535.png,3
train3536.png,4
train3537.png,3
train3538.png,4
train3539.png,5
train3540.png,5
train3541.png,4
train3542.png,0
train3543.png,0
train3544.png,7
train3545.png,5
train3546.png,2
train3547.png,2
train3548.png,2
train3549.png,4
train3550.png,1
train3551.png,2
train3552.png,5
train3553.png,3
train3554.png,3
train3555.png,0
train3556.png,3
train3557.png,8
train3558.png,5
train3559.png,3
train3560.png,1
train3561.png,0
train3562.png,5
train3563.png,4
train3564.png,3
train3565.png,6
train3566.png,0
train3567.png,1
train3568.png,0
train3569.png,2
train3570.png,7
train3571.png,0
train3572.png,2
train3573.png,1
train3574.png,1
train3575.png,1
train3576.png,8
train3577.png,7
train3578.png,3
train3579.png,4
train3580.png,6
train3581.png,0
train3582.png,2
train3583.png,0
train3584.png,8
train3585.png,6
train3586.png,8
train3587.png,0
train3588.png,2
train3589.png,7
train3590.png,6
train3591.png,4
train3592.png,7
train3593.png,1
train3594.png,8
train3595.png,2
train3596.png,0
train3597.png,5
train3598.png,4
train3599.png,8
train3600.png,4
train3601.png,0
train3602.png,1
train3603.png,1
train3604.png,0
train3605.png,8
train3606.png,7
train3607.png,2
train3608.png,8
train3609.png,3
train3610.png,4
train3611.png,7
train3612.png,7
train3613.png,3
train3614.png,2
train3615.png,1
train3616.png,0
train3617.png,0
train3618.png,1
train3619.png,1
train3620.png,7
train3621.png,7
train3622.png,1
train3623.png,1
train3624.png,0
train3625.png,0
train3626.png,1
train3627.png,5
train3628.png,4
train3629.png,6
train3630.png,2
train3631.png,1
train3632.png,3
train3633.png,4
train3634.png,1
train3635.png,4
train3636.png,3
train3637.png,8
train3638.png,2
train3639.png,3
train3640.png,8
train3641.png,4
train3642.png,4
train3643.png,1
train3644.png,6
train3645.png,4
train3646.png,0
train3647.png,4
train3648.png,2
train3649.png,7
train3650.png,3
train3651.png,1
train3652.png,0
train3653.png,8
train3654.png,2
train3655.png,3
train3656.png,3
train3657.png,0
train3658.png,2
train3659.png,1
train3660.png,1
train3661.png,2
train3662.png,6
train3663.png,4
train3664.png,5
train3665.png,1
train3666.png,0
train3667.png,0
train3668.png,1
train3669.png,6
train3670.png,0
train3671.png,7
train3672.png,1
train3673.png,4
train3674.png,5
train3675.png,1
train3676.png,2
train3677.png,0
train3678.png,6
train3679.png,6
train3680.png,3
train3681.png,1
train3682.png,6
train3683.png,0
train3684.png,4
train3685.png,7
train3686.png,1
train3687.png,4
train3688.png,5
train3689.png,0
train3690.png,0
train3691.png,5
train3692.png,5
train3693.png,5
train3694.png,1
train3695.png,5
train3696.png,5
train3697.png,7
train3698.png,7
train3699.png,6
train3700.png,0
train3701.png,1
train3702.png,7
train3703.png,3
train3704.png,6
train3705.png,5
train3706.png,7
train3707.png,4
train3708.png,5
train3709.png,0
train3710.png,1
train3711.png,1
train3712.png,1
train3713.png,7
train3714.png,6
train3715.png,5
train3716.png,5
train3717.png,1
train3718.png,3
train3719.png,2
train3720.png,6
train3721.png,0
train3722.png,5
train3723.png,2
train3724.png,2
train3725.png,6
train3726.png,2
train3727.png,3
train3728.png,3
train3729.png,0
train3730.png,5
train3731.png,7
train3732.png,4
train3733.png,4
train3734.png,6
train3735.png,4
train3736.png,7
train3737.png,2
train3738.png,2
train3739.png,0
train3740.png,2
train3741.png,2
train3742.png,6
train3743.png,3
train3744.png,4
train3745.png,4
train3746.png,2
train3747.png,2
train3748.png,1
train3749.png,0
train3750.png,2
train3751.png,4
train3752.png,6
train3753.png,4
train3754.png,2
train3755.png,5
train3756.png,7
train3757.png,5
train3758.png,4
train3759.png,5
train3760.png,4
train3761.png,4
train3762.png,5
train3763.png,1
train3764.png,1
train3765.png,3
train3766.png,2
train3767.png,0
train3768.png,6
train3769.png,3
train3770.png,7
train3771.png,0
train3772.png,5
train3773.png,0
train3774.png,1
train3775.png,3
train3776.png,2
train3777.png,1
train3778.png,6
train3779.png,3
train3780.png,3
train3781.png,7
train3782.png,0
train3783.png,4
train3784.png,7
train3785.png,7
train3786.png,0
train3787.png,1
train3788.png,5
train3789.png,5
train3790.png,4
train3791.png,6
train3792.png,1
train3793.png,6
train3794.png,3
train3795.png,0
train3796.png,0
train3797.png,2
train3798.png,7
train3799.png,0
train3800.png,0
train3801.png,3
train3802.png,4
train3803.png,1
train3804.png,4
train3805.png,6
train3806.png,6
train3807.png,2
train3808.png,5
train3809.png,4
train3810.png,2
train3811.png,4
train3812.png,3
train3813.png,0
train3814.png,4
train3815.png,5
train3816.png,7
train3817.png,4
train3818.png,7
train3819.png,2
train3820.png,2
train3821.png,2
train3822.png,6
train3823.png,7
train3824.png,2
train3825.png,1
train3826.png,1
train3827.png,1
train3828.png,3
train3829.png,2
train3830.png,0
train3831.png,1
train3832.png,1
train3833.png,7
train3834.png,4
train3835.png,7
train3836.png,1
train3837.png,6
train3838.png,1
train3839.png,3
train3840.png,1
train3841.png,7
train3842.png,3
train3843.png,1
train3844.png,1
train3845.png,6
train3846.png,4
train3847.png,6
train3848.png,2
train3849.png,6
train3850.png,7
train3851.png,1
train3852.png,0
train3853.png,4
train3854.png,7
train3855.png,1
train3856.png,4
train3857.png,2
train3858.png,1
train3859.png,3
train3860.png,4
train3861.png,3
train3862.png,7
train3863.png,4
train3864.png,6
train3865.png,3
train3866.png,6
train3867.png,7
train3868.png,5
train3869.png,5
train3870.png,6
train3871.png,2
train3872.png,0
train3873.png,6
train3874.png,1
train3875.png,3
train3876.png,3
train3877.png,2
train3878.png,4
train3879.png,2
train3880.png,4
train3881.png,3
train3882.png,7
train3883.png,0
train3884.png,6
train3885.png,7
train3886.png,6
train3887.png,1
train3888.png,2
train3889.png,1
train3890.png,0
train3891.png,4
train3892.png,4
train3893.png,6
train3894.png,5
train3895.png,4
train3896.png,2
train3897.png,6
train3898.png,0
train3899.png,0
train3900.png,7
train3901.png,4
train3902.png,3
train3903.png,5
train3904.png,4
train3905.png,1
train3906.png,6
train3907.png,4
train3908.png,6
train3909.png,0
train3910.png,4
train3911.png,0
train3912.png,1
train3913.png,4
train3914.png,2
train3915.png,1
train3916.png,5
train3917.png,7
train3918.png,1
train3919.png,4
train3920.png,7
train3921.png,7
train3922.png,2
train3923.png,7
train3924.png,7
train3925.png,3
train3926.png,7
train3927.png,5
train3928.png,4
train3929.png,4
train3930.png,2
train3931.png,2
train3932.png,6
train3933.png,4
train3934.png,1
train3935.png,5
train3936.png,1
train3937.png,3
train3938.png,3
train3939.png,5
train3940.png,6
train3941.png,4
train3942.png,3
train3943.png,4
train3944.png,5
train3945.png,3
train3946.png,7
train3947.png,3
train3948.png,4
train3949.png,4
train3950.png,6
train3951.png,0
train3952.png,4
train3953.png,0
train3954.png,4
train3955.png,6
train3956.png,4
train3957.png,1
train3958.png,7
train3959.png,3
train3960.png,1
train3961.png,1
train3962.png,7
train3963.png,2
train3964.png,7
train3965.png,3
train3966.png,3
train3967.png,5
train3968.png,0
train3969.png,1
train3970.png,7
train3971.png,2
train3972.png,4
train3973.png,4
train3974.png,4
train3975.png,4
train3976.png,2
train3977.png,2
train3978.png,6
train3979.png,4
train3980.png,3
train3981.png,5
train3982.png,1
train3983.png,7
train3984.png,7
train3985.png,2
train3986.png,1
train3987.png,4
train3988.png,6
train3989.png,2
train3990.png,1
train3991.png,2
train3992.png,6
train3993.png,0
train3994.png,3
train3995.png,4
train3996.png,1
train3997.png,2
train3998.png,4
train3999.png,3
train4000.png,0
train4001.png,4
train4002.png,2
train4003.png,1
train4004.png,5
train4005.png,5
train4006.png,7
train4007.png,4
train4008.png,1
train4009.png,5
train4010.png,1
train4011.png,1
train4012.png,2
train4013.png,1
train4014.png,6
train4015.png,4
train4016.png,2
train4017.png,3
train4018.png,4
train4019.png,4
train4020.png,5
train4021.png,0
train4022.png,6
train4023.png,5
train4024.png,0
train4025.png,2
train4026.png,5
train4027.png,2
train4028.png,3
train4029.png,7
train4030.png,0
train4031.png,2
train4032.png,1
train4033.png,5
train4034.png,0
train4035.png,3
train4036.png,0
train4037.png,1
train4038.png,1
train4039.png,7
train4040.png,0
train4041.png,5
train4042.png,7
train4043.png,2
train4044.png,2
train4045.png,3
train4046.png,1
train4047.png,3
train4048.png,2
train4049.png,7
train4050.png,4
train4051.png,5
train4052.png,0
train4053.png,6
train4054.png,3
train4055.png,7
train4056.png,6
train4057.png,6
train4058.png,7
train4059.png,4
train4060.png,3
train4061.png,1
train4062.png,1
train4063.png,5
train4064.png,5
train4065.png,7
train4066.png,5
train4067.png,0
train4068.png,1
train4069.png,7
train4070.png,5
train4071.png,7
train4072.png,1
train4073.png,1
train4074.png,2
train4075.png,0
train4076.png,1
train4077.png,7
train4078.png,6
train4079.png,1
train4080.png,0
train4081.png,7
train4082.png,0
train4083.png,0
train4084.png,5
train4085.png,4
train4086.png,4
train4087.png,0
train4088.png,6
train4089.png,6
train4090.png,6
train4091.png,1
train4092.png,5
train4093.png,2
train4094.png,1
train4095.png,2
train4096.png,3
train4097.png,1
train4098.png,7
train4099.png,0
train4100.png,7
train4101.png,5
train4102.png,1
train4103.png,7
train4104.png,5
train4105.png,0
train4106.png,1
train4107.png,7
train4108.png,5
train4109.png,2
train4110.png,1
train4111.png,3
train4112.png,1
train4113.png,3
train4114.png,5
train4115.png,2
train4116.png,6
train4117.png,2
train4118.png,3
train4119.png,6
train4120.png,1
train4121.png,1
train4122.png,5
train4123.png,4
train4124.png,5
train4125.png,4
train4126.png,3
train4127.png,5
train4128.png,3
train4129.png,7
train4130.png,3
train4131.png,3
train4132.png,5
train4133.png,5
train4134.png,2
train4135.png,5
train4136.png,1
train4137.png,6
train4138.png,5
train4139.png,0
train4140.png,4
train4141.png,6
train4142.png,0
train4143.png,0
train4144.png,3
train4145.png,6
train4146.png,1
train4147.png,0
train4148.png,6
train4149.png,1
train4150.png,2
train4151.png,5
train4152.png,6
train4153.png,7
train4154.png,6
train4155.png,4
train4156.png,7
train4157.png,4
train4158.png,7
train4159.png,1
train4160.png,0
train4161.png,0
train4162.png,5
train4163.png,5
train4164.png,0
train4165.png,6
train4166.png,6
train4167.png,2
train4168.png,3
train4169.png,3
train4170.png,2
train4171.png,0
train4172.png,7
train4173.png,5
train4174.png,4
train4175.png,3
train4176.png,5
train4177.png,5
train4178.png,3
train4179.png,2
train4180.png,1
train4181.png,7
train4182.png,7
train4183.png,0
train4184.png,0
train4185.png,4
train4186.png,3
train4187.png,6
train4188.png,3
train4189.png,7
train4190.png,5
train4191.png,6
train4192.png,0
train4193.png,3
train4194.png,5
train4195.png,1
train4196.png,0
train4197.png,5
train4198.png,5
train4199.png,2
train4200.png,4
train4201.png,2
train4202.png,1
train4203.png,0
train4204.png,0
train4205.png,4
train4206.png,6
train4207.png,7
train4208.png,1
train4209.png,0
train4210.png,0
train4211.png,6
train4212.png,0
train4213.png,5
train4214.png,0
train4215.png,1
train4216.png,4
train4217.png,2
train4218.png,5
train4219.png,6
train4220.png,5
train4221.png,4
train4222.png,3
train4223.png,7
train4224.png,3
train4225.png,0
train4226.png,1
train4227.png,3
train4228.png,5
train4229.png,2
train4230.png,5
train4231.png,5
train4232.png,5
train4233.png,6
train4234.png,0
train4235.png,5
train4236.png,4
train4237.png,7
train4238.png,2
train4239.png,5
train4240.png,4
train4241.png,7
train4242.png,7
train4243.png,1
train4244.png,7
train4245.png,7
train4246.png,1
train4247.png,7
train4248.png,3
train4249.png,0
train4250.png,4
train4251.png,4
train4252.png,5
train4253.png,0
train4254.png,1
train4255.png,1
train4256.png,4
train4257.png,4
train4258.png,5
train4259.png,4
train4260.png,3
train4261.png,6
train4262.png,0
train4263.png,4
train4264.png,3
train4265.png,0
train4266.png,1
train4267.png,5
train4268.png,1
train4269.png,6
train4270.png,4
train4271.png,4
train4272.png,6
train4273.png,1
train4274.png,4
train4275.png,3
train4276.png,0
train4277.png,1
train4278.png,4
train4279.png,0
train4280.png,6
train4281.png,6
train4282.png,5
train4283.png,1
train4284.png,6
train4285.png,0
train4286.png,3
train4287.png,4
train4288.png,0
train4289.png,6
train4290.png,0
train4291.png,4
train4292.png,6
train4293.png,3
train4294.png,6
train4295.png,5
train4296.png,3
train4297.png,3
train4298.png,4
train4299.png,1
train4300.png,1
train4301.png,0
train4302.png,5
train4303.png,3
train4304.png,3
train4305.png,0
train4306.png,6
train4307.png,1
train4308.png,0
train4309.png,0
train4310.png,5
train4311.png,1
train4312.png,0
train4313.png,3
train4314.png,6
train4315.png,4
train4316.png,0
train4317.png,6
train4318.png,1
train4319.png,3
train4320.png,0
train4321.png,3
train4322.png,5
train4323.png,6
train4324.png,4
train4325.png,5
train4326.png,4
train4327.png,4
train4328.png,0
train4329.png,3
train4330.png,3
train4331.png,1
train4332.png,1
train4333.png,4
train4334.png,6
train4335.png,4
train4336.png,0
train4337.png,3
train4338.png,4
train4339.png,5
train4340.png,6
train4341.png,4
train4342.png,1
train4343.png,5
train4344.png,3
train4345.png,5
train4346.png,1
train4347.png,1
train4348.png,3
train4349.png,3
train4350.png,3
train4351.png,1
train4352.png,1
train4353.png,3
train4354.png,6
train4355.png,1
train4356.png,1
train4357.png,5
train4358.png,0
train4359.png,5
train4360.png,4
train4361.png,4
train4362.png,1
train4363.png,3
train4364.png,3
train4365.png,4
train4366.png,1
train4367.png,3
train4368.png,1
train4369.png,1
train4370.png,0
train4371.png,0
train4372.png,4
train4373.png,4
train4374.png,3
train4375.png,6
train4376.png,6
train4377.png,0
train4378.png,6
train4379.png,0
train4380.png,0
train4381.png,4
train4382.png,5
train4383.png,3
train4384.png,4
train4385.png,3
train4386.png,3
train4387.png,6
train4388.png,3
train4389.png,0
train4390.png,4
train4391.png,4
train4392.png,3
train4393.png,4
train4394.png,0
train4395.png,0
train4396.png,0
train4397.png,5
train4398.png,1
train4399.png,1
train4400.png,0
train4401.png,0
train4402.png,1
train4403.png,5
train4404.png,3
train4405.png,1
train4406.png,3
train4407.png,4
train4408.png,5
train4409.png,5
train4410.png,4
train4411.png,5
train4412.png,3
train4413.png,1
train4414.png,4
train4415.png,0
train4416.png,0
train4417.png,3
train4418.png,0
train4419.png,1
train4420.png,0
train4421.png,6
train4422.png,5
train4423.png,3
train4424.png,4
train4425.png,1
train4426.png,1
train4427.png,5
train4428.png,4
train4429.png,6
train4430.png,4
train4431.png,3
train4432.png,0
train4433.png,6
train4434.png,3
train4435.png,3
train4436.png,0
train4437.png,1
train4438.png,3
train4439.png,1
train4440.png,0
train4441.png,4
train4442.png,4
train4443.png,1
train4444.png,5
train4445.png,4
train4446.png,6
train4447.png,0
train4448.png,1
train4449.png,0
train4450.png,6
train4451.png,4
train4452.png,1
train4453.png,5
train4454.png,1
train4455.png,5
train4456.png,6
train4457.png,4
train4458.png,0
train4459.png,5
train4460.png,1
train4461.png,0
train4462.png,1
train4463.png,4
train4464.png,4
train4465.png,6
train4466.png,4
train4467.png,0
train4468.png,4
train4469.png,0
train4470.png,0
train4471.png,1
train4472.png,5
train4473.png,0
train4474.png,5
train4475.png,5
train4476.png,5
train4477.png,4
train4478.png,5
train4479.png,4
train4480.png,0
train4481.png,6
train4482.png,0
train4483.png,4
train4484.png,1
train4485.png,4
train4486.png,5
train4487.png,4
train4488.png,5
train4489.png,5
train4490.png,0
train4491.png,5
train4492.png,6
train4493.png,1
train4494.png,5
train4495.png,4
train4496.png,5
train4497.png,5
train4498.png,0
train4499.png,6
train4500.png,1
train4501.png,5
train4502.png,5
train4503.png,1
train4504.png,4
train4505.png,0
train4506.png,5
train4507.png,0
train4508.png,4
train4509.png,5
train4510.png,5
train4511.png,6
train4512.png,4
train4513.png,5
train4514.png,1
train4515.png,1
train4516.png,4
train4517.png,1
train4518.png,5
train4519.png,4
train4520.png,1
train4521.png,1
train4522.png,6
train4523.png,6
train4524.png,0
train4525.png,1
train4526.png,0
train4527.png,4
train4528.png,1
train4529.png,5
train4530.png,5
train4531.png,0
train4532.png,5
train4533.png,5
train4534.png,1
train4535.png,5
train4536.png,4
train4537.png,5
train4538.png,6
train4539.png,0
train4540.png,4
train4541.png,4
train4542.png,4
train4543.png,0
train4544.png,5
train4545.png,5
train4546.png,6
train4547.png,5
train4548.png,5
train4549.png,1
train4550.png,0
train4551.png,4
train4552.png,1
train4553.png,4
train4554.png,1
train4555.png,0
train4556.png,4
train4557.png,4
train4558.png,6
train4559.png,5
train4560.png,5
train4561.png,4
train4562.png,5
train4563.png,1
train4564.png,6
train4565.png,5
train4566.png,6
train4567.png,0
train4568.png,6
train4569.png,0
train4570.png,6
train4571.png,6
train4572.png,4
train4573.png,5
train4574.png,5
train4575.png,5
train4576.png,0
train4577.png,5
train4578.png,1
train4579.png,6
train4580.png,5
train4581.png,5
train4582.png,4
train4583.png,6
train4584.png,1
train4585.png,4
train4586.png,1
train4587.png,6
train4588.png,1
train4589.png,4
train4590.png,0
train4591.png,0
train4592.png,5
train4593.png,0
train4594.png,5
train4595.png,5
train4596.png,5
train4597.png,6
train4598.png,1
train4599.png,0
train4600.png,5
train4601.png,6
train4602.png,1
train4603.png,1
train4604.png,6
train4605.png,4
train4606.png,5
train4607.png,1
train4608.png,0
train4609.png,5
train4610.png,1
train4611.png,0
train4612.png,0
train4613.png,5
train4614.png,4
train4615.png,5
train4616.png,5
train4617.png,1
train4618.png,0
train4619.png,5
train4620.png,1
train4621.png,6
train4622.png,6
train4623.png,1
train4624.png,6
train4625.png,4
train4626.png,6
train4627.png,6
train4628.png,1
train4629.png,4
train4630.png,5
train4631.png,4
train4632.png,1
train4633.png,0
train4634.png,6
train4635.png,4
train4636.png,6
train4637.png,6
train4638.png,5
train4639.png,5
train4640.png,4
train4641.png,5
train4642.png,6
train4643.png,0
train4644.png,1
train4645.png,1
train4646.png,1
train4647.png,5
train4648.png,0
train4649.png,0
train4650.png,1
train4651.png,4
train4652.png,4
train4653.png,1
train4654.png,4
train4655.png,5
train4656.png,6
train4657.png,5
train4658.png,6
train4659.png,5
train4660.png,4
train4661.png,1
train4662.png,4
train4663.png,1
train4664.png,4
train4665.png,5
train4666.png,4
train4667.png,1
train4668.png,1
train4669.png,6
train4670.png,4
train4671.png,6
train4672.png,5
train4673.png,1
train4674.png,0
train4675.png,1
train4676.png,1
train4677.png,1
train4678.png,4
train4679.png,4
train4680.png,1
train4681.png,6
train4682.png,0
train4683.png,0
train4684.png,0
train4685.png,1
train4686.png,6
train4687.png,5
train4688.png,1
train4689.png,0
train4690.png,1
train4691.png,6
train4692.png,1
train4693.png,5
train4694.png,1
train4695.png,5
train4696.png,1
train4697.png,6
train4698.png,0
train4699.png,1
train4700.png,0
train4701.png,0
train4702.png,1
train4703.png,1
train4704.png,1
train4705.png,1
train4706.png,1
train4707.png,1
train4708.png,0
train4709.png,0
train4710.png,5
train4711.png,0
train4712.png,5
train4713.png,6
train4714.png,5
train4715.png,0
train4716.png,1
train4717.png,1
train4718.png,0
train4719.png,6
train4720.png,0
train4721.png,5
train4722.png,6
train4723.png,6
train4724.png,6
train4725.png,0
train4726.png,6
train4727.png,1
train4728.png,1
train4729.png,6
train4730.png,0
train4731.png,5
train4732.png,6
train4733.png,1
train4734.png,0
train4735.png,1
train4736.png,1
train4737.png,0
train4738.png,0
train4739.png,5
train4740.png,1
train4741.png,5
train4742.png,5
train4743.png,1
train4744.png,6
train4745.png,0
train4746.png,0
train4747.png,0
train4748.png,1
train4749.png,0
train4750.png,1
train4751.png,6
train4752.png,0
train4753.png,0
train4754.png,1
train4755.png,0
train4756.png,1
train4757.png,1
train4758.png,5
train4759.png,1
train4760.png,5
train4761.png,0
train4762.png,6
train4763.png,6
train4764.png,6
train4765.png,6
train4766.png,5
train4767.png,5
train4768.png,0
train4769.png,5
train4770.png,0
train4771.png,0
train4772.png,0
train4773.png,6
train4774.png,6
train4775.png,0
train4776.png,0
train4777.png,0
train4778.png,6
train4779.png,0
train4780.png,6
train4781.png,5
train4782.png,6
train4783.png,5
train4784.png,5
train4785.png,0
train4786.png,5
train4787.png,0
train4788.png,5
train4789.png,5
train4790.png,6
train4791.png,6
train4792.png,5
train4793.png,0
train4794.png,5
train4795.png,5
train4796.png,0
train4797.png,5
train4798.png,0
train4799.png,0
train4800.png,6
train4801.png,0
train4802.png,5
train4803.png,0
train4804.png,0
train4805.png,6
train4806.png,6
train4807.png,0
train4808.png,0
train4809.png,5
train4810.png,0
train4811.png,6
train4812.png,0
train4813.png,5
train4814.png,6
train4815.png,0
train4816.png,6
train4817.png,0
train4818.png,0
train4819.png,5
train4820.png,5
train4821.png,5
train4822.png,0
train4823.png,6
train4824.png,0
train4825.png,6
train4826.png,5
train4827.png,6
train4828.png,0
train4829.png,0
train4830.png,0
train4831.png,0
train4832.png,0
train4833.png,5
train4834.png,5
train4835.png,0
train4836.png,0
train4837.png,5
train4838.png,5
train4839.png,5
train4840.png,6
train4841.png,6
train4842.png,0
train4843.png,5
train4844.png,0
train4845.png,5
train4846.png,6
train4847.png,5
train4848.png,0
train4849.png,5
train4850.png,0
train4851.png,5
train4852.png,6
train4853.png,6
train4854.png,0
train4855.png,5
train4856.png,6
train4857.png,0
train4858.png,0
train4859.png,0
train4860.png,6
train4861.png,0
train4862.png,6
train4863.png,0
train4864.png,5
train4865.png,6
train4866.png,0
train4867.png,5
train4868.png,6
train4869.png,0
train4870.png,0
train4871.png,5
train4872.png,5
train4873.png,5
train4874.png,5
train4875.png,0
train4876.png,6
train4877.png,0
train4878.png,6
train4879.png,0
train4880.png,5
train4881.png,6
train4882.png,6
train4883.png,6
train4884.png,6
train4885.png,6
train4886.png,5
train4887.png,5
train4888.png,6
train4889.png,5
train4890.png,6
train4891.png,5
train4892.png,0
train4893.png,5
train4894.png,0
train4895.png,6
train4896.png,0
train4897.png,5
train4898.png,6
train4899.png,5
train4900.png,6
train4901.png,6
train4902.png,0
train4903.png,6
train4904.png,6
train4905.png,6
train4906.png,0
train4907.png,0
train4908.png,6
train4909.png,6
train4910.png,0
train4911.png,0
train4912.png,6
train4913.png,0
train4914.png,0
train4915.png,0
train4916.png,6
train4917.png,6
train4918.png,6
train4919.png,0
train4920.png,0
train4921.png,0
train4922.png,0
train4923.png,6
train4924.png,6
train4925.png,6
train4926.png,6
train4927.png,6
train4928.png,0
train4929.png,6
train4930.png,6
train4931.png,6
train4932.png,0
train4933.png,6
train4934.png,6
train4935.png,0
train4936.png,6
train4937.png,6
train4938.png,0
train4939.png,0
train4940.png,0
train4941.png,0
train4942.png,6
train4943.png,0
train4944.png,6
train4945.png,0
train4946.png,6
train4947.png,6
train4948.png,6
train4949.png,6
train4950.png,6
train4951.png,6
train4952.png,6
train4953.png,6
train4954.png,6
train4955.png,6
train4956.png,6
train4957.png,6
train4958.png,6
train4959.png,6
train4960.png,6
train4961.png,6
train4962.png,6
train4963.png,6
train4964.png,6
train4965.png,6
train4966.png,6
train4967.png,6
train4968.png,6
train4969.png,6
train4970.png,6
train4971.png,6
train4972.png,6
train4973.png,6
train4974.png,6
train4975.png,6
train4976.png,6
train4977.png,6
train4978.png,6
train4979.png,6
train4980.png,6
train4981.png,6
train4982.png,6
train4983.png,6
train4984.png,6
train4985.png,6
train4986.png,6
train4987.png,6
train4988.png,6
train4989.png,6
train4990.png,6
train4991.png,6
train4992.png,6
train4993.png,6
train4994.png,6
train4995.png,6
train4996.png,6
train4997.png,6
train4998.png,6
train4999.png,6
train5000.png,6
